"","X0CKA","X0CKB","X0MKA","X0MKB","X0NKA","X0NKB","X0SKA","X0SKB","X2CKA","X2CKB","X2MKA","X2MKB","X2NKA","X2NKB","X2SKA","X2SKB","X5CKA","X5CKB","X5MKA","X5MKB","X5NKA","X5NKB","X5SKA","X5SKB","X8CKA","X8CKB","X8MKA","X8MKB","X8NKA","X8NKB","X8SKA","X8SKB","X12CKA","X12CKB","X12MKA","X12MKB","X12NKA","X12NKB","X12SKA","X12SKB","X16CKA","X16CKB","X16MKA","X16MKB","X16NKA","X16NKB","X16SKA","X16SKB","X20CKA","X20CKB","X20MKA","X20MKB","X20NKA","X20NKB","X20SKA","X20SKB","X25CKA","X25CKB","X25MKA","X25MKB","X25NKA","X25NKB","X25SKA","X25SKB","X30CKA","X30CKB","X30MKA","X30MKB","X30NKA","X30NKB","X30SKA","X30SKB","X40CKA","X40CKB","X40MKA","X40MKB","X40NKA","X40NKB","X40SKA","X40SKB"
"acetate",2.3264,2.2751,3.1523,2.76,2.1274,2.1078,5.4514,5.4508,2.2751,1.5778,3.0569,2.8078,1.2049,1.0349,1.2845,5.4508,1.0251,1.2175,4.1471,4.0452,1.1977,1.2775,3.3892,3.155,1.3609,1.2798,5.3104,4.4037,1.3625,1.5348,2.2895,2.2683,1.6248,1.1769,11.5954,9.5141,2.6844,3.0649,10.44,11.9026,1.1979,1.4378,4.9516,9.837,3.3616,6.9957,3.953,1.5245,1.6637,1.4839,1.7569,2.123,1.2241,1.1716,0.9419,0.9419,1.3721,1.3476,1.9665,2.1233,1.191,1.1236,1.2845,1.0916,1.6156,1.1872,1.6334,1.5839,1.2284,1.0883,1.1404,0.9957,1.1948,1.1688,1.0141,1.2313,1.1529,1.0586,1.2902,1.4326
"alanine",4.4298,3.8996,24.5831,25.5787,3.1036,3.619,8.6062,8.8612,3.8996,3.947,15.2284,15.2212,3.7569,3.7677,7.9999,8.8612,4.1479,3.9788,14.5055,15.3078,4.0962,4.4285,7.3561,6.3002,5.0171,4.7287,17.0193,15.1348,5.3755,5.6655,6.875,6.9413,5.3289,4.9311,15.3511,12.7659,6.0089,5.3903,7.0396,7.8576,5.8528,6.0011,15.2756,15.617,5.3996,5.4385,7.1912,7.4666,5.8287,5.502,14.1122,15.9041,5.9302,5.5283,8.1278,8.1278,5.9697,6.1431,14.5946,14.9904,6.8176,6.3015,7.9999,7.9726,6.1729,6.454,16.2687,16.1702,7.0985,6.6868,8.7477,9.3125,6.7212,7.0297,8.7176,14.7054,7.7226,7.7404,11.4185,15.7242
"arginine",10.4042,10.2022,10.2381,10.9759,9.7654,9.4916,15.1684,14.8368,10.2022,7.4154,7.529,7.1359,5.9205,5.8131,4.1294,14.8368,5.5466,5.2511,8.8588,8.5883,4.3646,5.2568,10.0174,8.7962,6.3395,5.7903,9.7973,8.4912,5.9983,5.6084,6.2263,6.9399,6.5657,4.9812,10.8167,8.6553,5.8676,5.2756,6.3334,2.9452,5.3454,5.2211,7.386,7.0725,4.8155,5.0579,4.538,4.5849,5.9442,5.761,6.3068,5.8799,5.6212,5.0215,3.4898,3.4898,5.124,5.5405,4.4611,4.9091,4.7822,4.5522,4.1294,3.7893,6.3378,6.2083,5.1459,4.9606,6.5283,5.2119,3.3955,3.835,5.8661,4.7686,3.3767,3.6479,4.9805,4.1439,4.5017,4.0394
"aspartate(1-)",7.5454,10.5256,6.3508,6.2441,7.7925,9.451,8.7366,8.3303,10.5256,4.4074,3.7378,3.5527,3.4371,3.4947,1.9847,8.3303,3.4682,1.8758,4.9762,4.3478,2.169,2.9864,4.811,4.4409,3.9217,2.4788,5.8217,5.0571,3.552,2.9314,2.4597,2.4191,3.3965,1.5537,6.8996,4.9895,2.8423,0.9747,1.8302,0.196,1.0631,0.216,2.3689,1.8182,1.1903,1.7467,0.6513,0.5762,0.2371,1.5916,0.7767,0.269,1.4363,1.6201,0.5637,0.5637,0.1592,0.1335,0.7255,0.2631,1.0267,1.2244,1.9847,1.4328,1.4739,1.2301,0.9987,0.6802,2.4433,1.0797,0.1779,0.1134,1.0336,0.6852,0.1039,0.1444,1.4612,0.169,0.3463,0.1447
"betaine aldehyde",3.207,3.0132,2.8547,2.724,2.6404,2.9565,4.5193,4.6579,3.0132,2.7658,2.1599,2.1033,2.1995,2.0749,1.8707,4.6579,2.3865,2.4513,2.9767,3.0797,2.3343,2.4268,3.3824,2.9312,2.8115,2.6438,3.4691,3.0143,2.4983,2.8574,2.4351,2.6725,2.8526,2.4081,3.6532,2.8918,2.8403,2.8776,2.5466,1.7885,2.3339,2.4551,2.5394,2.714,2.2151,2.3213,1.9985,2.0375,2.0542,2.0203,2.0639,2.2875,2.3804,2.2321,1.7817,1.7817,1.9084,1.9299,1.9554,2.0744,2.24,2.0674,1.8707,1.7213,2.1156,1.8905,1.8353,1.8203,2.4568,1.9019,1.7572,1.7623,1.7988,1.7578,1.6965,1.7844,1.9986,1.8746,2.3893,1.8823
"butyrate",1.642,1.4468,1.1895,1.1421,0.7909,0.8112,4.4294,4.2729,1.4468,1.0927,0.6959,0.6196,0.4885,0.4855,0.5366,4.2729,0.6011,0.7798,1.6251,1.5115,0.4572,0.5119,2.4061,2.479,0.6879,0.5735,2.4859,2.0546,0.5244,0.5084,0.5371,0.7992,0.6622,0.4113,1.7239,1.4838,0.6404,1.1996,0.5442,0.4122,0.4829,0.6326,0.8511,0.9159,0.3294,0.3812,0.4491,0.4314,0.5484,0.4461,0.5441,0.6384,0.525,0.4194,0.3928,0.3928,0.4952,0.5312,0.6242,0.6724,0.3999,0.416,0.5366,0.3491,0.6587,0.4869,0.6287,0.5071,0.6087,0.401,0.4098,0.4045,0.4602,0.3963,0.3551,0.3455,0.5442,0.4088,0.4126,0.4035
"choline",2.0776,1.9194,2.7838,2.8994,1.8217,1.9062,3.2147,3.3273,1.9194,1.5945,1.8338,1.8125,1.3484,1.3653,1.7444,3.3273,1.3631,1.2484,1.8533,1.849,1.1311,1.1753,1.8559,1.5876,1.364,1.192,2.0768,1.8446,1.3792,1.4641,1.4637,1.4703,1.452,1.2652,2.0864,1.639,1.3281,1.1627,1.4656,1.5933,1.3146,1.2988,1.7637,1.833,1.262,1.308,1.5175,1.5709,1.3828,1.4875,1.6436,1.7876,1.4334,1.37,1.6761,1.6761,1.3042,1.3306,1.6526,1.6725,1.4615,1.3836,1.7444,1.6387,1.4913,1.5438,1.8349,1.8104,1.6738,1.402,1.5537,1.6696,1.4565,1.4467,1.4909,1.5453,1.5703,1.4045,1.9773,1.6362
"dimethylamine",0.8695,1.0876,1.0847,1.006,0.7285,0.9446,3.0882,3.087,1.0876,0.7257,0.7333,0.6399,0.5488,0.4795,0.3606,3.087,0.4653,0.5279,1.4163,1.4072,0.5165,0.5544,1.6529,1.494,0.5738,0.5141,1.5193,1.2614,0.5367,0.6023,0.5962,0.6649,0.5567,0.366,1.1287,0.8579,0.5775,0.6785,0.4598,0.286,0.1839,0.13,0.5137,0.5378,0.2477,0.3007,0.2888,0.2767,0.1168,0.2114,0.2276,0.2297,0.2011,0.1973,0.2048,0.2048,0.0996,0.0998,0.2373,0.2297,0.1537,0.18,0.3606,0.3345,0.1904,0.1627,0.2386,0.2149,0.2431,0.1429,0.164,0.1645,0.1311,0.1068,0.1531,0.1439,0.188,0.0943,0.1326,0.158
"fructose",146.6939,119.8868,109.6126,114.7352,121.8053,121.5951,157.9211,168.1891,119.8868,99.8488,80.6536,77.887,83.898,80.8369,15.4987,168.1891,84.0195,86.2219,91.3358,97.5751,75.6995,80.7225,103.518,87.1181,90.9421,91.6653,104.2814,91.4995,84.7671,94.9883,83.9588,86.6911,85.3052,82.726,95.122,79.8036,88.3849,86.8592,75.3661,35.9511,63.0979,68.4731,68.3127,71.3927,73.8057,70.7453,47.2401,48.9301,45.1225,39.7712,44.9128,48.8242,61.6023,54.9685,36.1458,36.1458,23.1691,25.7246,28.3661,32.796,40.6532,37.1735,15.4987,17.9949,19.5413,19.5525,22.176,21.78,35.7914,35.659,18.2875,18.0296,13.2633,13.2988,16.151,11.9382,21.5538,20.6666,19.9677,17.0121
"glucose",47.6818,76.2702,56.8667,60.7287,73.5691,73.0459,82.8339,80.204,76.2702,67.6681,45.8031,40.7934,45.256,41.1076,47.527,80.204,61.6022,58.2214,64.3811,61.9055,52.2098,54.0748,67.3144,56.5655,71.9783,70.3193,74.2243,65.1313,58.9595,63.5401,55.9777,62.785,70.6979,61.113,91.5052,73.1299,75.8806,44.6619,58.9443,39.5129,55.7546,50.8402,60.0246,58.5717,56.2557,58.4381,42.6855,42.0698,43.2405,52.3768,56.6568,49.8311,60.8773,57.2073,33.7166,33.7166,38.2554,43.9311,48.5815,51.923,51.1356,51.0309,47.527,44.5468,56.7072,46.946,48.8786,48.0701,68.0442,54.1396,44.1202,32.9655,45.4898,40.6076,43.0136,40.4813,56.3692,46.5968,49.0257,43.3366
"glutamate(2-)",5.2528,7.591,13.5466,14.3037,5.5734,6.9509,9.6492,9.6225,7.591,4.4008,8.7555,8.6346,3.3946,3.4829,7.5069,9.6225,3.5561,2.914,8.5064,8.7285,2.886,3.2828,6.0634,5.2489,3.4055,3.0438,8.8561,7.7319,3.4773,3.5225,4.1398,4.4324,3.3985,2.6781,8.4675,6.8897,3.7527,3.0467,4.393,4.1062,2.98,2.7819,6.8672,7.0558,3.083,3.2713,4.1083,4.0984,5.3827,6.6325,6.6572,6.9453,3.455,3.119,4.2359,4.2359,6.1809,6.745,9.7194,10.2865,6.66,4.9805,7.5069,6.7291,4.7244,5.7645,9.9156,10.3464,7.4025,7.3301,7.1709,8.0395,3.5463,3.0594,7.5397,7.7917,7.9811,5.8611,3.7305,8.6652
"glutamine",5.5051,6.5591,8.0708,8.2728,6.1966,6.2062,11.4128,11.2275,6.5591,6.06,7.3276,7.0218,5.2135,5.451,10.2952,11.2275,7.4756,6.6454,10.8514,11.1071,6.5814,7.0888,9.9815,8.6697,9.7455,8.8093,13.9646,12.1971,8.7878,8.5141,9.5386,9.5453,10.4776,8.7726,14.098,11.6512,11.136,8.4199,8.9354,9.2028,10.2479,10.1258,13.0631,13.052,8.8213,8.6723,8.565,8.812,8.2751,8.551,10.9378,11.419,9.2633,8.7251,10.407,10.407,9.1954,9.6303,11.6946,12.4595,10.2485,9.5111,10.2952,10.1288,10.3616,11.1858,13.3477,13.2791,10.9784,10.7199,11.4946,12.168,11.8978,11.5448,11.1155,11.5631,12.2304,11.2997,13.601,12.4351
"glycerol",26.6482,35.1749,23.755,22.4443,32.4299,33.3313,42.836,41.4008,35.1749,24.4282,18.1123,15.95,18.6065,16.3488,8.5536,41.4008,15.3295,16.7128,25.9182,23.8723,15.7796,16.3477,27.7409,25.1821,18.5681,17.396,27.2491,23.8391,15.7192,17.5814,12.0623,14.3959,20.5704,14.4791,34.7228,27.4872,17.6147,17.7246,16.4792,11.1423,15.8938,16.1086,22.5681,22.1465,14.8168,15.9956,12.9455,12.0149,13.6979,14.9336,16.642,16.3032,17.2784,16.4693,10.8378,10.8378,8.8486,9.3307,12.0346,12.8735,12.912,12.7257,8.5536,7.3921,10.1818,8.0257,8.6851,7.9902,14.9202,11.0763,5.8529,5.7296,6.5705,6.1005,4.9442,5.5255,8.6783,5.6519,6.9116,5.6721
"glycine",34.7009,30.421,32.8248,31.7815,28.6838,29.5589,47.2754,49.2005,30.421,25.3786,20.2031,19.8086,20.9299,19.4117,7.7444,49.2005,19.7204,21.3649,26.3195,27.7357,19.5052,20.6015,29.2277,25.6865,21.4808,21.112,29.274,24.598,20.5711,23.0787,20.4767,21.3364,21.3009,18.7302,27.1573,21.6985,22.3554,23.3029,18.5851,9.9528,14.5387,15.6787,17.5512,18.1855,16.2562,16.6714,12.259,12.7063,10.0598,9.775,9.277,11.5742,14.2277,13.1849,9.8873,9.8873,6.4577,6.4367,8.1429,9.1358,10.4005,9.3236,7.7444,6.9327,6.503,5.8947,6.3865,6.1556,8.1088,7.2464,6.7291,6.6294,5.4016,5.381,5.4087,5.0759,6.9917,6.3117,6.1366,5.7284
"inosine",0.1189,0.0515,0.1566,0.1276,0,0.0665,0.5993,0.6192,0.0515,0.0681,0.1078,0.098,0.0602,0.0574,0.0326,0.6192,0.0487,0.0726,0.1284,0.1283,0.0692,0.0725,0.2946,0.2766,0.0578,0.0693,0.1268,0.1061,0.0575,0.0751,0.1759,0.1645,0.0531,0.0414,0.1065,0.0836,0.0604,0.0983,0.07,0.0446,0.0323,0.0407,0.0577,0.064,0.0341,0.0351,0.0333,0.0363,0.0449,0.0374,0.0341,0.0403,0.0286,0.034,0.0307,0.0307,0.057,0.0565,0.0395,0.0509,0.0281,0.0374,0.0326,0.0291,0.1027,0.0713,0.0287,0.0342,0.0817,0.0237,0.0349,0.0349,0.0706,0.0695,0.0419,0.0552,0.0454,0.064,0.0642,0.0359
"isoleucine",2.2424,2.011,8.7253,8.6239,1.0614,1.8775,4.9422,4.9542,2.011,1.5364,5.5374,5.2734,1.221,1.1479,2.5867,4.9542,1.1944,1.2812,5.7478,6.0648,1.1376,1.2473,3.2381,2.8487,1.4347,1.3782,6.3788,5.4186,1.4279,1.5637,2.2756,2.3993,1.5803,1.3509,5.7612,4.9073,1.5061,1.643,2.3291,2.4428,1.4439,1.5713,5.007,5.1314,1.2507,1.3281,2.2772,2.3522,1.6518,1.5209,4.2571,4.981,1.5109,1.3808,2.5131,2.5131,1.5825,1.6617,4.5592,4.7836,1.5776,1.5121,2.5867,2.4903,1.8022,1.7348,4.7676,4.5595,1.9308,1.5734,2.7296,2.8605,1.8057,1.7762,2.7322,3.9653,1.9682,1.8364,3.5046,4.3318
"lactate",4.0088,3.3579,8.3126,7.6175,2.3669,2.1828,7.7254,7.5694,3.3579,2.3737,5.0252,4.6991,1.4131,1.3339,18.3482,7.5694,1.543,1.9019,7.2225,7.2666,1.229,1.262,5.0637,5.0746,2.5051,2.3892,10.535,9.1914,1.3915,1.4318,2.5451,3.0197,8.4115,6.9192,20.5817,17.9428,5.2506,7.1828,10.5946,26.8626,14.3544,16.1596,23.5591,26.1911,12.2473,13.4031,26.5305,26.2803,14.5669,14.2136,26.0201,20.4135,19.102,18.6137,20.0467,20.0467,10.4241,10.2128,14.6003,16.3074,16.2523,19.2709,18.3482,17.9369,9.1039,6.667,12.2558,14.2712,8.8935,7.8588,12.3396,8.4106,4.275,3.8688,7.6479,8.1146,6.7285,6.0245,5.9505,8.5126
"leucine",1.8953,1.6677,7.7756,8.3241,1.3547,1.5641,5.2357,5.3328,1.6677,1.3214,5.0947,5.0525,1.1076,1.1051,3.0845,5.3328,1.1564,1.118,4.8839,5.1157,1.0019,1.101,3.4853,3.0272,1.3398,1.2649,5.4943,4.8197,1.3237,1.4238,2.559,2.8085,1.5158,1.3569,5.1499,4.3018,1.4446,1.4896,2.7053,2.8828,1.453,1.5261,4.64,4.8431,1.3176,1.3361,2.6901,2.7429,1.7013,1.5626,4.4685,4.9337,1.5507,1.4115,2.8045,2.8045,1.6945,1.7426,4.4836,4.6803,1.6708,1.5886,3.0845,2.9937,1.9511,1.9109,4.8626,4.914,2.0552,1.7575,3.2341,3.3928,2.0292,1.9681,3.3783,4.2569,2.1444,2.0345,4.2552,4.5339
"L-lysine",0,5.0942,10.6888,10.5142,3.9263,4.4811,7.986,7.4258,5.0942,3.3009,7.2231,6.288,2.9838,3.0295,4.8311,7.4258,3.3292,1.7526,8.1436,8.1253,2.0463,2.9699,4.9451,4.3185,3.9561,3.2113,8.8772,7.7522,3.8395,2.7932,3.1516,3.1989,4.575,3.5159,9.8334,7.5394,4.3179,0.412,3.9659,2.3088,3.7888,0,6.863,6.5536,3.6343,3.8233,3.5747,3.5961,0,3.9382,5.6562,5.605,4.1757,4.0706,3.8775,3.8775,0,0.592,6.1375,6.0867,3.7033,3.6409,4.8311,4.0121,4.6136,4.6704,6.24,5.8492,4.2409,3.8709,3.5045,4.1366,4.1149,3.7883,3.6323,6.1045,4.6957,1.8196,4.9564,6.2103
"mannitol",56.707,48.683,43.5472,40.6407,45.7308,47.5148,62.4085,62.9724,48.683,38.2442,28.4419,25.9021,29.4219,24.9123,76.0137,62.9724,22.082,28.4077,38.5524,41.4881,24.572,25.551,42.0745,36.7791,25.5505,28.2085,41.9239,35.5218,22.6582,27.7831,22.28,27.3663,27.8303,23.0462,42.4489,34.4566,25.6765,33.5209,28.646,59.1623,36.4472,40.0819,41.0255,43.2645,24.5698,24.846,45.0535,46.431,54.692,54.1954,60.1417,66.0021,39.8847,37.1264,63.0811,63.0811,65.6097,68.6026,72.5346,76.4289,61.0022,56.8149,76.0137,75.6158,79.735,82.3103,87.124,87.6588,74.122,66.8404,81.2499,88.6854,86.3947,86.558,81.2127,85.0825,83.45,75.9578,112.3606,88.8516
"methionine",1.7232,1.6773,4.2103,4.2231,1.342,1.5442,2.5924,2.4511,1.6773,1.4376,1.9606,1.9022,1.1307,0.9641,1.1473,2.4511,1.0704,1.3911,1.9244,1.7515,1.3576,1.4221,1.3708,1.2398,1.4731,1.2392,2.0077,1.7536,1.4154,1.5856,0.7383,0.7366,0.9777,0.5248,2.3118,1.5732,0.7745,0.4642,0.7578,0.4021,0.4359,0.1966,1.4946,1.4152,0.4029,0.4925,0.6688,0.6848,0.0563,0.5769,1.2295,1.2367,0.5167,0.5319,0.7582,0.7582,0.047,0.2047,1.256,1.1895,0.5146,0.5089,1.1473,0.9827,0.6591,0.6414,1.4748,1.393,0.9297,0.5259,0.7088,0.8012,0.5987,0.5184,0.7523,1.0363,0.7059,0.2866,1.0551,1.156
"phenylalanine",1.4492,0.8978,2.9623,3.1335,0.9087,0.8868,2.152,2.2716,0.8978,0.663,2.0069,1.9961,0.5977,0.5547,0.9666,2.2716,0.564,0.585,1.9025,2.1477,0.5453,0.6145,1.4861,1.2732,0.6583,0.6491,2.189,1.8673,0.6791,0.7777,1.1313,1.1717,0.69,0.655,1.8696,1.5573,0.6977,0.6134,1.1299,1.0816,0.6589,0.6667,1.7848,1.8899,0.6053,0.5796,1.1317,1.1499,0.7802,0.5829,1.7439,1.665,0.6849,0.5755,1.208,1.208,0.5592,0.6147,1.7391,1.7837,0.7462,0.6914,0.9666,1.0787,0.8246,0.6469,1.9899,1.9966,0.7891,0.7857,1.3694,1.4733,0.8938,0.8919,1.3863,1.3509,0.8716,0.6993,2.0268,1.6411
"proline",6.8765,12.8939,13.4166,13.6071,10.452,11.1153,20.2406,19.8145,12.8939,8.6496,8.4227,8.1376,6.4184,6.5329,9.2138,19.8145,6.4013,4.9895,10.593,10.6397,5.0992,5.6429,9.8826,8.8551,6.5791,5.9879,13.2313,11.4259,6.1192,6.4266,5.3243,4.8241,6.2845,5.267,11.552,9.8424,6.4594,0.5656,6.1298,5.5208,5.7078,1.8375,8.5583,8.9892,5.2233,5.2624,5.7977,5.9104,1.5314,6.41,8.212,8.4204,6.045,5.4002,5.9498,5.9498,1.5963,1.6356,9.1779,7.7459,7.0427,5.6502,9.2138,8.9361,9.8556,8.627,10.2794,8.7324,9.6637,8.5268,5.1004,5.6819,7.6185,6.4813,4.4228,4.4756,9.5647,2.3286,5.8257,5.4846
"serine",70.7919,48.8861,41.139,37.3112,43.1603,48.9135,62.3841,61.8864,48.8861,36.7779,27.1389,23.1035,26.0567,20.7675,8.9779,61.8864,18.383,28.047,36.9489,41.1579,24.5152,25.5203,43.021,41.0255,22.29,25.7993,40.0399,32.6132,20.9344,27.7128,20.2141,24.4133,21.466,17.5623,29.5712,27.6543,20.6629,35.3882,21.2577,15.6138,14.223,24.2763,21.6042,24.7357,13.8103,13.7569,15.851,14.3734,25.3692,13.5739,16.3883,20.1425,13.6631,11.8918,11.5642,11.5642,22.4489,21.6753,17.0883,20.9286,11.8196,11.0965,8.9779,9.8922,12.2954,9.4509,11.5112,13.562,9.1114,11.2897,16.1807,14.659,8.0969,8.5774,13.9531,11.8233,9.8733,16.9116,14.2531,12.9086
"sucrose",21.1749,13.7503,12.8329,12.8254,11.6945,11.1995,15.9247,16.8473,13.7503,7.5714,6.0793,6.1621,5.8096,5.1599,0.5866,16.8473,3.3156,4.2948,5.5009,6.5634,3.6918,4.0765,6.8574,6.1068,2.9427,3.3794,5.3708,4.4006,2.6864,3.5182,3.1411,3.4926,1.9844,1.8586,2.5649,2.2338,2.2144,3.8009,2.6373,1.3135,1.3194,2.2017,1.702,2.1877,1.5329,1.4473,1.561,1.5339,2.0251,0.8699,1.1994,1.5412,1.2023,1.0222,1.0168,1.0168,1.7104,1.648,1.1205,1.5085,0.8719,0.7898,0.5866,0.6738,0.8107,0.6888,0.8788,1.1324,0.8225,0.8146,1.2196,1.1791,0.6053,0.6723,1.0571,1.1074,0.6669,1.48,1.892,1.0903
"threonine",4.5657,3.8285,9.5504,8.8599,2.4494,2.488,8.6102,8.4726,3.8285,2.7088,5.7708,5.4311,1.623,1.5513,6.8555,8.4726,1.8034,2.1703,8.107,8.1721,1.3968,1.4392,5.7017,5.6824,2.8877,2.7468,11.8319,10.3392,1.6029,1.6372,2.9605,3.4998,9.6451,8.1197,17.1031,17.5573,6.054,8.1339,12.3092,11.2543,11.4061,18.3486,16.7444,20.192,12.3868,11.1332,14.7921,13.9037,12.1657,8.4253,10.8922,15.4138,11.6269,9.0183,8.9788,8.9788,6.6298,6.4819,10.678,10.9533,9.7873,7.5543,6.8555,7.2638,8.0279,5.6386,7.0333,7.3709,6.6996,7.1109,6.9008,5.5457,4.9246,3.7354,5.6088,3.9661,7.4003,6.5067,6.682,4.819
"trimethylamine",0.5927,0.9019,2.241,2.287,0.3802,0.8867,1.524,1.4918,0.9019,0.7493,1.3725,1.3345,0.739,0.7035,0.792,1.4918,0.6756,0.6501,1.3912,1.3549,0.6991,0.7129,1.0246,0.9832,0.742,0.6804,1.3547,1.2503,0.7198,0.6996,0.6523,0.6784,0.7971,0.6643,1.3769,1.1678,0.7449,0.7517,0.6884,0.6435,0.6557,0.6739,0.9779,1.0527,0.6394,0.6872,0.6479,0.6312,0.6577,0.739,0.7424,0.7908,0.6706,0.702,0.5978,0.5978,0.6606,0.6634,0.8395,0.8509,0.6403,0.6828,0.792,0.6971,0.7617,0.6426,0.7233,0.7134,0.76,0.626,0.6447,0.5917,0.6381,0.6144,0.6111,0.6446,0.6673,0.5873,0.5741,0.6495
"trimethylamine N-oxide",2.9382,2.7484,2.5748,2.344,2.8807,2.6978,4.3595,4.4945,2.7484,2.5167,1.9213,1.8229,1.9625,1.7722,1.5953,4.4945,2.0066,2.228,2.835,2.9284,2.1457,2.2091,3.2248,2.8225,2.4757,2.3491,3.2996,2.8442,2.2059,2.5802,2.1019,2.3115,2.558,2.0385,3.3949,2.6855,2.5123,2.772,2.2293,1.5041,1.9861,2.1859,2.3202,2.4666,1.8445,1.9357,1.6964,1.6741,1.8256,1.7202,1.6832,1.9281,1.9952,1.8599,1.4779,1.4779,1.6917,1.6828,1.7036,1.8618,1.8332,1.7095,1.5953,1.4062,1.7976,1.5473,1.5167,1.5574,1.9468,1.5857,1.5085,1.5223,1.4811,1.4555,1.5224,1.5535,1.7149,1.6606,1.9969,1.6668
"tryptophan",0.9855,0.2748,0.4828,0.4216,0.211,0.2786,0.5255,0.6019,0.2748,0.1712,0.2035,0.1683,0.1298,0.1405,0.2512,0.6019,0.1305,0.1461,0.2159,0.326,0.1514,0.195,0.3594,0.3031,0.1914,0.1586,0.3176,0.2403,0.1868,0.2365,0.2527,0.2636,0.2032,0.1927,0.3001,0.2263,0.1902,0.1904,0.2987,0.2216,0.1923,0.1982,0.2317,0.2329,0.1622,0.1702,0.2732,0.2746,0.2433,0.2223,0.239,0.2759,0.1959,0.1694,0.2281,0.2281,0.229,0.236,0.2608,0.2811,0.2285,0.1844,0.2512,0.2476,0.3331,0.2329,0.2981,0.3215,0.4051,0.2346,0.2705,0.2826,0.2702,0.2694,0.2579,0.3515,0.2637,0.2497,0.7885,0.3112
"tyrosine",1.3682,0.9134,1.1243,1.1147,0.9266,0.8795,1.871,1.9817,0.9134,0.621,0.8516,0.7873,0.5474,0.4901,1.1542,1.9817,0.4854,0.5159,1.0186,1.0533,0.4784,0.5765,1.3564,1.1629,0.5699,0.5452,1.1928,1.0337,0.5893,0.7038,0.9567,0.9727,0.5743,0.5384,1.3962,0.9189,0.5778,0.4668,1.0051,0.8514,0.5614,0.5153,1.0311,1.0283,0.497,0.4873,0.9647,0.9906,0.587,0.641,0.9317,0.9139,0.5705,0.5254,0.9805,0.9805,0.5516,0.5912,1.0637,1.0164,0.6399,0.5973,1.1542,1.0682,0.8225,0.6709,1.1907,1.1614,0.8981,0.667,1.0867,1.1703,0.7378,0.7599,1.0787,1.039,0.8078,0.6469,1.8586,1.0655
"valine",2.0215,1.7757,8.5496,8.9329,1.2431,1.604,4.1207,4.189,1.7757,1.338,5.0299,5.0844,1.1559,1.1576,2.5209,4.189,1.1846,1.1371,4.6683,4.9308,1.0507,1.1401,2.7535,2.4105,1.3267,1.2561,5.1647,4.5416,1.3419,1.4615,2.1845,2.2566,1.4935,1.3097,4.7967,4.0792,1.4206,1.4241,2.236,2.3892,1.4278,1.4969,4.5131,4.6611,1.2594,1.2922,2.2196,2.2977,1.5781,1.4805,4.2635,4.7539,1.4688,1.3505,2.4744,2.4744,1.4475,1.6035,4.3341,4.4845,1.5756,1.4759,2.5209,2.4421,1.7624,1.7394,4.8007,4.7912,1.9239,1.6457,2.697,2.8275,1.8014,1.8085,2.7216,3.6733,1.9602,1.7265,3.5055,4.5652
"gamma-aminobutyrate",1.8832,1.4136,2.7503,2.678,1.5154,1.1496,4.325,4.3761,1.4136,1.1347,2.6357,2.7366,0.9469,0.8395,0.809,4.3761,0.8766,1.0699,4.4616,4.4005,1.7006,1.784,3.4689,3.8944,2.6151,2.32,5.147,5.8892,2.6963,2.5897,2.8741,2.7983,3.0938,2.5644,4.8009,5.8411,2.2727,3.0634,3.2433,0.9101,1.8183,1.9028,4.857,4.637,2.7278,2.5664,2.8688,2.8161,0.7161,0.5752,1.3222,1.231,2.8577,1.677,2.4401,2.4401,1.1788,1.0692,1.1788,1.0692,0.6553,0.5759,0.809,0.8554,0.5608,0.6585,1.0437,1.0636,0.58,0.7235,0.693,0.6769,0.5157,0.4585,0.7577,0.6147,0.4277,0.6492,0.8591,0.7611
"arabinose",6.1217,20.3941,6.9587,5.2167,6.1593,9.5965,11.9947,11.2834,20.3941,4.5762,2.7644,2.9267,2.2283,3.6439,0.8603,11.2834,4.4565,1.7049,7.6705,4.6179,4.0449,3.4377,7.092,8.0124,2.3821,3.8927,4.5407,6.3386,4.6171,2.7481,4.477,3.4382,1.8631,2.155,2.2826,1.3497,7.7708,2.322,3.517,1.6329,5.0498,1.7293,3.8489,2.3408,1.3592,1.7282,2.5223,2.5242,1.0356,5.318,3.4221,2.2754,0.9317,1.4122,2.9585,2.9585,4.0887,2.5546,4.0887,2.5546,1.0502,1.3371,0.8603,0.4853,0.7199,1.0751,2.4136,1.5796,1.1462,1.2138,2.5654,2.9215,0.8139,1.176,2.3864,2.5898,3.8602,0.6389,2.6841,2.568
"cadaverine",2.472,0,5.3662,5.3495,2.1574,1.4156,3.2886,3.4168,0,1.7154,3.1349,3.8693,1.6001,1.5341,2.2548,3.4168,0.8103,1.7609,4.1392,4.1467,1.4972,1.1934,2.149,2.4924,2.0748,1.6317,3.9236,4.5209,1.7889,1.9607,1.5666,1.5624,2.2989,1.7227,3.8951,5.1036,0,2.0625,2.1511,1.9604,0,1.8458,3.2539,3.4078,1.7647,1.6841,1.8166,1.8048,2.0106,0,2.8307,2.9616,1.8035,2.0392,1.1589,1.1589,3.1728,3.3019,3.1728,3.3019,1.7624,1.8439,2.2548,2.6054,2.3773,2.4021,3.2968,3.5328,2.1107,2.6988,2.2194,1.8301,2.3383,2.0597,3.0988,2.036,1.196,2.2918,3.1381,2.5633
"citrate(1-)",3.4073,3.0122,1.946,1.8501,3.3019,2.6078,6.9258,7.3106,3.0122,1.735,1.825,2.1257,1.1781,1.2357,0.6835,7.3106,1.0688,1.2286,3.8696,4.053,1.2794,1.0528,4.3766,4.5034,1.5175,1.2124,4.0626,4.6917,1.3806,1.3769,1.9881,1.8065,1.5308,0.9132,2.5146,3.4473,1.3772,1.5476,1.6209,0.4311,0.3232,0.5746,1.1446,1.168,0.8794,0.7436,0.5446,0.5678,0.6492,0.275,0.5343,0.5664,0.5843,0.6079,0.3948,0.3948,0.5241,0.6302,0.5241,0.6302,0.5456,0.5007,0.6835,0.6142,0.466,0.5453,0.6418,0.6314,0.5313,0.8603,0.0481,0.0801,0.3948,0.2653,0.0679,0.0413,0.0665,0.5102,0.0591,0.1573
"fumarate(1-)",0.0955,0.5822,0.2133,0.1761,0.075,0.2687,0.4483,0.3755,0.5822,0.1453,0.1238,0.1288,0.1153,0.1253,0.0406,0.3755,0.1196,0.1077,0.2844,0.1701,0.17,0.1279,0.2865,0.3409,0.1542,0.156,0.2734,0.3488,0.2031,0.1586,0.2639,0.2616,0.1671,0.1509,0.1913,0.2842,0.1759,0.1694,0.2639,0.2321,0.1759,0.1525,0.2742,0.26,0.1515,0.1392,0.2612,0.2592,0.0944,0.0443,0.2265,0.1946,0.1551,0.1584,0.2535,0.2535,0.0419,0.0358,0.0419,0.0358,0.1632,0.0356,0.0406,0.0478,0.0247,0.0438,0.0372,0.0258,0.0289,0.0521,0.0208,0.0281,0.0255,0.0242,0.0297,0.0227,0.0278,0.0339,0.0293,0.0615
"malate",13.9781,10.7779,5.4649,5.5211,12.7147,9.6923,8.5063,9.6143,10.7779,5.2581,3.8283,4.8439,3.7967,3.7996,1.3082,9.6143,1.5851,2.9903,8.1085,9.236,2.4353,1.8047,8.1524,7.744,3.2059,2.1469,9.6285,11.2959,2.3953,2.8805,5.0158,4.457,2.9302,1.6135,5.2123,6.6608,1.0272,2.6847,2.4317,0.5316,0.2765,0.8964,1.8971,2.1843,1.6505,1.154,0.5665,0.6002,1.3226,0.2465,0.2642,0.7787,1.2885,1.1474,0.3394,0.3394,0.3302,0.6809,0.3302,0.6809,1.0695,0.9278,1.3082,1.8704,1.2481,1.571,0.638,0.902,0.9235,1.9515,0.1663,0.2178,1.087,0.7192,0.1804,0.1879,0.1923,1.4263,0.2237,0.4481
"N-acetylglucosamine",2.1865,2.3668,2.512,2.3898,1.8456,1.5909,3.1582,2.7955,2.3668,1.4707,1.446,1.5401,0.988,1.0695,0.9095,2.7955,1.0319,0.9209,2.1241,2.2259,0.9163,0.8619,2.1821,2.5862,1.0339,0.9608,1.8945,2.5542,1.0037,0.926,1.1999,1.0507,1.023,0.7699,1.8716,2.1977,1.3784,1.0156,1.1163,0.7464,0.8786,0.7503,1.6027,1.5004,0.7808,0.7195,0.8863,0.8921,0.8436,0.9494,1.1897,1.0813,0.7703,0.7803,0.8995,0.8995,1.316,1.1479,1.316,1.1479,0.7552,0.7915,0.9095,0.9256,0.7421,0.8459,1.1479,1.1085,0.8196,0.8229,0.9905,0.9866,0.8103,0.7342,0.8622,0.8997,0.8833,0.8698,0.9232,1.5058
"putrescine",3.3545,1.3825,4.5859,5.1154,3.1193,1.3529,3.627,3.9766,1.3825,1.6905,2.774,2.9852,1.4667,1.3722,2.3522,3.9766,0.6703,1.499,3.8058,3.9234,0.9935,0.6188,1.8147,2.054,1.5894,1.0793,3.377,3.9787,0.9625,1.2358,0.9263,0.7913,1.6641,0.9552,3.2829,4.4212,0.8201,1.4366,1.1923,1.604,0.7168,1.0277,2.637,2.8432,1.0038,0.9052,1.0959,1.15,1.4193,1.1735,2.1547,2.7437,1.3872,1.3909,0.8177,0.8177,3.24,3.3548,3.24,3.3548,1.2871,1.6579,2.3522,2.5444,2.3458,2.444,3.705,3.5274,2.0186,3.33,1.9739,1.7345,2.1062,1.6115,2.754,1.7081,0.864,2.4235,2.7662,2.6404
"D-ribose",10.0255,25.1667,18.2182,9.5198,11.422,19.6783,19.6326,19.4942,25.1667,6.6341,4.2411,4.5348,3.3308,5.7753,1.3822,19.4942,7.8723,2.9438,13.4578,6.6261,7.0685,5.5266,12.8355,14.5576,4.6494,7.5092,7.9851,12.0861,8.984,5.528,10.362,9.4156,3.4359,4.1403,4.0348,2.9197,13.9911,4.669,7.1969,3.011,9.859,3.23,7.2464,4.6541,1.708,2.991,4.4373,5.0004,1.5688,10.6741,7.2474,6.1623,1.2001,2.0173,5.4186,5.4186,8.5983,4.2897,8.5983,4.2897,1.5682,2.0683,1.3822,0.9651,1.5991,7.3702,6.1126,3.5301,1.8761,14.0302,5.6562,5.8083,1.7459,2.7819,13.5288,5.7338,8.4878,1.2752,9.5863,25.344
"succinate",1.1777,1.2082,1.1778,1.1778,1.1506,1.0423,1.5079,1.5011,1.2082,0.711,0.6413,0.6994,0.5006,0.551,0.5711,1.5011,0.4241,0.4317,0.8436,0.859,0.4548,0.4017,1.5824,1.7161,0.4692,0.3988,1.7913,1.7789,0.4822,0.4572,1.3102,1.2138,0.4938,0.338,0.7014,0.9136,0.3839,0.4357,1.193,0.3484,0.3658,0.3683,0.663,0.6343,0.3468,0.313,0.3576,0.3637,0.4683,0.4689,0.5375,0.4623,0.3571,0.3791,0.3673,0.3673,1.0431,0.988,1.0431,0.988,0.4372,0.4687,0.5711,0.7119,0.4833,0.6141,0.7551,0.7067,0.4408,0.576,0.6341,0.7092,0.4809,0.4631,0.5942,0.6167,0.5506,0.6292,0.7352,0.7157
