"database_identifier"	"chemical_formula"	"smiles"	"inchi"	"metabolite_identification"	"chemical_shift"	"multiplicity"	"taxid"	"species"	"database"	"database_version"	"reliability"	"uri"	"search_engine"	"search_engine_score"	"smallmolecule_abundance_sub"	"smallmolecule_abundance_stdev_sub"	"smallmolecule_abundance_std_error_sub"	"2CKA"	"2NKA"	"2NKB"	"12CKB"	"16SKA"	"20CKA"	"5NKB"	"12CKA"	"16SKB"	"20CKB"	"0NKA"	"0NKB"	"2CKB"	"40CKA"	"40CKB"	"0CKB"	"0CKA"	"5NKA"	"2MKA"	"2MKB"	"20NKB"	"20NKA"	"5SKA"	"5SKB"	"5MKB"	"5MKA"	"12NKB"	"20MKB"	"20MKA"	"12NKA"	"30SKB"	"30SKA"	"8SKB"	"8SKA"	"8NKB"	"8NKA"	"12MKA"	"12MKB"	"16CKA"	"16CKB"	"16NKA"	"30CKA"	"30CKB"	"30NKB"	"0SKB"	"8MKB"	"30MKA"	"2SKB"	"0SKA"	"30MKB"	"25SKA"	"25MKA"	"8MKA"	"25SKB"	"25MKB"	"25NKB"	"25NKA"	"25CKA"	"25CKB"	"2SKA"	"30NKA"	"16MKB"	"16MKA"	"40SKB"	"40SKA"	"0MKA"	"8CKB"	"0MKB"	"16NKB"	"40MKB"	"12SKA"	"8CKA"	"12SKB"	"40MKA"	"20SKB"	"40NKA"	"40NKB"	"20SKA"	"5CKB"	"5CKA"
"CHEBI:15366"	"C2H4O2"	"CC(O)=O"	"InChI=1S/C2H4O2/c1-2(3)4/h1H3,(H,3,4)"	"acetate"	""	""	"NCBITAXON:http://purl.bioontology.org/ontology/NCBITAXON/3711"	"Brassica rapa"	""	""	""	""	""	""	""	""	""	"2.2751"	"1.2049"	"1.0349"	"1.1769"	"3.953"	"1.6637"	"1.2775"	"1.6248"	"1.5245"	"1.4839"	"2.1274"	"2.1078"	"1.5778"	"1.1948"	"1.1688"	"2.2751"	"2.3264"	"1.1977"	"3.0569"	"2.8078"	"1.1716"	"1.2241"	"3.3892"	"3.155"	"4.0452"	"4.1471"	"3.0649"	"2.123"	"1.7569"	"2.6844"	"0.9957"	"1.1404"	"2.2683"	"2.2895"	"1.5348"	"1.3625"	"11.5954"	"9.5141"	"1.1979"	"1.4378"	"3.3616"	"1.6156"	"1.1872"	"1.0883"	"5.4508"	"4.4037"	"1.6334"	"5.4508"	"5.4514"	"1.5839"	"1.2845"	"1.9665"	"5.3104"	"1.0916"	"2.1233"	"1.1236"	"1.191"	"1.3721"	"1.3476"	"1.2845"	"1.2284"	"9.837"	"4.9516"	"1.4326"	"1.2902"	"3.1523"	"1.2798"	"2.76"	"6.9957"	"1.2313"	"10.44"	"1.3609"	"11.9026"	"1.0141"	"0.9419"	"1.1529"	"1.0586"	"0.9419"	"1.2175"	"1.0251"
"CHEBI:16449"	"C3H7NO2"	"CC(N)C(O)=O"	"InChI=1S/C3H7NO2/c1-2(4)3(5)6/h2H,4H2,1H3,(H,5,6)"	"alanine"	""	""	"NCBITAXON:http://purl.bioontology.org/ontology/NCBITAXON/3711"	"Brassica rapa"	""	""	""	""	""	""	""	""	""	"3.8996"	"3.7569"	"3.7677"	"4.9311"	"7.1912"	"5.8287"	"4.4285"	"5.3289"	"7.4666"	"5.502"	"3.1036"	"3.619"	"3.947"	"6.7212"	"7.0297"	"3.8996"	"4.4298"	"4.0962"	"15.2284"	"15.2212"	"5.5283"	"5.9302"	"7.3561"	"6.3002"	"15.3078"	"14.5055"	"5.3903"	"15.9041"	"14.1122"	"6.0089"	"9.3125"	"8.7477"	"6.9413"	"6.875"	"5.6655"	"5.3755"	"15.3511"	"12.7659"	"5.8528"	"6.0011"	"5.3996"	"6.1729"	"6.454"	"6.6868"	"8.8612"	"15.1348"	"16.2687"	"8.8612"	"8.6062"	"16.1702"	"7.9999"	"14.5946"	"17.0193"	"7.9726"	"14.9904"	"6.3015"	"6.8176"	"5.9697"	"6.1431"	"7.9999"	"7.0985"	"15.617"	"15.2756"	"15.7242"	"11.4185"	"24.5831"	"4.7287"	"25.5787"	"5.4385"	"14.7054"	"7.0396"	"5.0171"	"7.8576"	"8.7176"	"8.1278"	"7.7226"	"7.7404"	"8.1278"	"3.9788"	"4.1479"
"CHEBI:29016"	"C6H14N4O2"	"NC(CCCNC(N)=N)C(O)=O"	"InChI=1S/C6H14N4O2/c7-4(5(11)12)2-1-3-10-6(8)9/h4H,1-3,7H2,(H,11,12)(H4,8,9,10)"	"arginine"	""	""	"NCBITAXON:http://purl.bioontology.org/ontology/NCBITAXON/3711"	"Brassica rapa"	""	""	""	""	""	""	""	""	""	"10.2022"	"5.9205"	"5.8131"	"4.9812"	"4.538"	"5.9442"	"5.2568"	"6.5657"	"4.5849"	"5.761"	"9.7654"	"9.4916"	"7.4154"	"5.8661"	"4.7686"	"10.2022"	"10.4042"	"4.3646"	"7.529"	"7.1359"	"5.0215"	"5.6212"	"10.0174"	"8.7962"	"8.5883"	"8.8588"	"5.2756"	"5.8799"	"6.3068"	"5.8676"	"3.835"	"3.3955"	"6.9399"	"6.2263"	"5.6084"	"5.9983"	"10.8167"	"8.6553"	"5.3454"	"5.2211"	"4.8155"	"6.3378"	"6.2083"	"5.2119"	"14.8368"	"8.4912"	"5.1459"	"14.8368"	"15.1684"	"4.9606"	"4.1294"	"4.4611"	"9.7973"	"3.7893"	"4.9091"	"4.5522"	"4.7822"	"5.124"	"5.5405"	"4.1294"	"6.5283"	"7.0725"	"7.386"	"4.0394"	"4.5017"	"10.2381"	"5.7903"	"10.9759"	"5.0579"	"3.6479"	"6.3334"	"6.3395"	"2.9452"	"3.3767"	"3.4898"	"4.9805"	"4.1439"	"3.4898"	"5.2511"	"5.5466"
"CHEBI:35391"	"C4H6NO4-"	"[NH3+]C(CC([O-])=O)C([O-])=O"	"InChI=1S/C4H7NO4/c5-2(4(8)9)1-3(6)7/h2H,1,5H2,(H,6,7)(H,8,9)/p-1"	"aspartate(1-)"	""	""	"NCBITAXON:http://purl.bioontology.org/ontology/NCBITAXON/3711"	"Brassica rapa"	""	""	""	""	""	""	""	""	""	"10.5256"	"3.4371"	"3.4947"	"1.5537"	"0.6513"	"0.2371"	"2.9864"	"3.3965"	"0.5762"	"1.5916"	"7.7925"	"9.451"	"4.4074"	"1.0336"	"0.6852"	"10.5256"	"7.5454"	"2.169"	"3.7378"	"3.5527"	"1.6201"	"1.4363"	"4.811"	"4.4409"	"4.3478"	"4.9762"	"0.9747"	"0.269"	"0.7767"	"2.8423"	"0.1134"	"0.1779"	"2.4191"	"2.4597"	"2.9314"	"3.552"	"6.8996"	"4.9895"	"1.0631"	"0.216"	"1.1903"	"1.4739"	"1.2301"	"1.0797"	"8.3303"	"5.0571"	"0.9987"	"8.3303"	"8.7366"	"0.6802"	"1.9847"	"0.7255"	"5.8217"	"1.4328"	"0.2631"	"1.2244"	"1.0267"	"0.1592"	"0.1335"	"1.9847"	"2.4433"	"1.8182"	"2.3689"	"0.1447"	"0.3463"	"6.3508"	"2.4788"	"6.2441"	"1.7467"	"0.1444"	"1.8302"	"3.9217"	"0.196"	"0.1039"	"0.5637"	"1.4612"	"0.169"	"0.5637"	"1.8758"	"3.4682"
"CHEBI:15710"	"C5H12NO+"	"[H]C(=O)C[N+](C)(C)C"	"InChI=1S/C5H12NO/c1-6(2,3)4-5-7/h5H,4H2,1-3H3/q+1"	"betaine aldehyde"	""	""	"NCBITAXON:http://purl.bioontology.org/ontology/NCBITAXON/3711"	"Brassica rapa"	""	""	""	""	""	""	""	""	""	"3.0132"	"2.1995"	"2.0749"	"2.4081"	"1.9985"	"2.0542"	"2.4268"	"2.8526"	"2.0375"	"2.0203"	"2.6404"	"2.9565"	"2.7658"	"1.7988"	"1.7578"	"3.0132"	"3.207"	"2.3343"	"2.1599"	"2.1033"	"2.2321"	"2.3804"	"3.3824"	"2.9312"	"3.0797"	"2.9767"	"2.8776"	"2.2875"	"2.0639"	"2.8403"	"1.7623"	"1.7572"	"2.6725"	"2.4351"	"2.8574"	"2.4983"	"3.6532"	"2.8918"	"2.3339"	"2.4551"	"2.2151"	"2.1156"	"1.8905"	"1.9019"	"4.6579"	"3.0143"	"1.8353"	"4.6579"	"4.5193"	"1.8203"	"1.8707"	"1.9554"	"3.4691"	"1.7213"	"2.0744"	"2.0674"	"2.24"	"1.9084"	"1.9299"	"1.8707"	"2.4568"	"2.714"	"2.5394"	"1.8823"	"2.3893"	"2.8547"	"2.6438"	"2.724"	"2.3213"	"1.7844"	"2.5466"	"2.8115"	"1.7885"	"1.6965"	"1.7817"	"1.9986"	"1.8746"	"1.7817"	"2.4513"	"2.3865"
"CHEBI:30772"	"C4H8O2"	"CCCC(O)=O"	"InChI=1S/C4H8O2/c1-2-3-4(5)6/h2-3H2,1H3,(H,5,6)"	"butyrate"	""	""	"NCBITAXON:http://purl.bioontology.org/ontology/NCBITAXON/3711"	"Brassica rapa"	""	""	""	""	""	""	""	""	""	"1.4468"	"0.4885"	"0.4855"	"0.4113"	"0.4491"	"0.5484"	"0.5119"	"0.6622"	"0.4314"	"0.4461"	"0.7909"	"0.8112"	"1.0927"	"0.4602"	"0.3963"	"1.4468"	"1.642"	"0.4572"	"0.6959"	"0.6196"	"0.4194"	"0.525"	"2.4061"	"2.479"	"1.5115"	"1.6251"	"1.1996"	"0.6384"	"0.5441"	"0.6404"	"0.4045"	"0.4098"	"0.7992"	"0.5371"	"0.5084"	"0.5244"	"1.7239"	"1.4838"	"0.4829"	"0.6326"	"0.3294"	"0.6587"	"0.4869"	"0.401"	"4.2729"	"2.0546"	"0.6287"	"4.2729"	"4.4294"	"0.5071"	"0.5366"	"0.6242"	"2.4859"	"0.3491"	"0.6724"	"0.416"	"0.3999"	"0.4952"	"0.5312"	"0.5366"	"0.6087"	"0.9159"	"0.8511"	"0.4035"	"0.4126"	"1.1895"	"0.5735"	"1.1421"	"0.3812"	"0.3455"	"0.5442"	"0.6879"	"0.4122"	"0.3551"	"0.3928"	"0.5442"	"0.4088"	"0.3928"	"0.7798"	"0.6011"
"CHEBI:15354"	"C5H14NO+"	"C[N+](C)(C)CCO"	"InChI=1S/C5H14NO/c1-6(2,3)4-5-7/h7H,4-5H2,1-3H3/q+1"	"choline"	""	""	"NCBITAXON:http://purl.bioontology.org/ontology/NCBITAXON/3711"	"Brassica rapa"	""	""	""	""	""	""	""	""	""	"1.9194"	"1.3484"	"1.3653"	"1.2652"	"1.5175"	"1.3828"	"1.1753"	"1.452"	"1.5709"	"1.4875"	"1.8217"	"1.9062"	"1.5945"	"1.4565"	"1.4467"	"1.9194"	"2.0776"	"1.1311"	"1.8338"	"1.8125"	"1.37"	"1.4334"	"1.8559"	"1.5876"	"1.849"	"1.8533"	"1.1627"	"1.7876"	"1.6436"	"1.3281"	"1.6696"	"1.5537"	"1.4703"	"1.4637"	"1.4641"	"1.3792"	"2.0864"	"1.639"	"1.3146"	"1.2988"	"1.262"	"1.4913"	"1.5438"	"1.402"	"3.3273"	"1.8446"	"1.8349"	"3.3273"	"3.2147"	"1.8104"	"1.7444"	"1.6526"	"2.0768"	"1.6387"	"1.6725"	"1.3836"	"1.4615"	"1.3042"	"1.3306"	"1.7444"	"1.6738"	"1.833"	"1.7637"	"1.6362"	"1.9773"	"2.7838"	"1.192"	"2.8994"	"1.308"	"1.5453"	"1.4656"	"1.364"	"1.5933"	"1.4909"	"1.6761"	"1.5703"	"1.4045"	"1.6761"	"1.2484"	"1.3631"
"CHEBI:17170"	"C2H7N"	"[H]N(C)C"	"InChI=1S/C2H7N/c1-3-2/h3H,1-2H3"	"dimethylamine"	""	""	"NCBITAXON:http://purl.bioontology.org/ontology/NCBITAXON/3711"	"Brassica rapa"	""	""	""	""	""	""	""	""	""	"1.0876"	"0.5488"	"0.4795"	"0.366"	"0.2888"	"0.1168"	"0.5544"	"0.5567"	"0.2767"	"0.2114"	"0.7285"	"0.9446"	"0.7257"	"0.1311"	"0.1068"	"1.0876"	"0.8695"	"0.5165"	"0.7333"	"0.6399"	"0.1973"	"0.2011"	"1.6529"	"1.494"	"1.4072"	"1.4163"	"0.6785"	"0.2297"	"0.2276"	"0.5775"	"0.1645"	"0.164"	"0.6649"	"0.5962"	"0.6023"	"0.5367"	"1.1287"	"0.8579"	"0.1839"	"0.13"	"0.2477"	"0.1904"	"0.1627"	"0.1429"	"3.087"	"1.2614"	"0.2386"	"3.087"	"3.0882"	"0.2149"	"0.3606"	"0.2373"	"1.5193"	"0.3345"	"0.2297"	"0.18"	"0.1537"	"0.0996"	"0.0998"	"0.3606"	"0.2431"	"0.5378"	"0.5137"	"0.158"	"0.1326"	"1.0847"	"0.5141"	"1.006"	"0.3007"	"0.1439"	"0.4598"	"0.5738"	"0.286"	"0.1531"	"0.2048"	"0.188"	"0.0943"	"0.2048"	"0.5279"	"0.4653"
"CHEBI:28757"	"C6H12O6"	""	""	"fructose"	""	""	"NCBITAXON:http://purl.bioontology.org/ontology/NCBITAXON/3711"	"Brassica rapa"	""	""	""	""	""	""	""	""	""	"119.8868"	"83.898"	"80.8369"	"82.726"	"47.2401"	"45.1225"	"80.7225"	"85.3052"	"48.9301"	"39.7712"	"121.8053"	"121.5951"	"99.8488"	"13.2633"	"13.2988"	"119.8868"	"146.6939"	"75.6995"	"80.6536"	"77.887"	"54.9685"	"61.6023"	"103.518"	"87.1181"	"97.5751"	"91.3358"	"86.8592"	"48.8242"	"44.9128"	"88.3849"	"18.0296"	"18.2875"	"86.6911"	"83.9588"	"94.9883"	"84.7671"	"95.122"	"79.8036"	"63.0979"	"68.4731"	"73.8057"	"19.5413"	"19.5525"	"35.659"	"168.1891"	"91.4995"	"22.176"	"168.1891"	"157.9211"	"21.78"	"15.4987"	"28.3661"	"104.2814"	"17.9949"	"32.796"	"37.1735"	"40.6532"	"23.1691"	"25.7246"	"15.4987"	"35.7914"	"71.3927"	"68.3127"	"17.0121"	"19.9677"	"109.6126"	"91.6653"	"114.7352"	"70.7453"	"11.9382"	"75.3661"	"90.9421"	"35.9511"	"16.151"	"36.1458"	"21.5538"	"20.6666"	"36.1458"	"86.2219"	"84.0195"
"CHEBI:17234"	"C6H12O6"	""	""	"glucose"	""	""	"NCBITAXON:http://purl.bioontology.org/ontology/NCBITAXON/3711"	"Brassica rapa"	""	""	""	""	""	""	""	""	""	"76.2702"	"45.256"	"41.1076"	"61.113"	"42.6855"	"43.2405"	"54.0748"	"70.6979"	"42.0698"	"52.3768"	"73.5691"	"73.0459"	"67.6681"	"45.4898"	"40.6076"	"76.2702"	"47.6818"	"52.2098"	"45.8031"	"40.7934"	"57.2073"	"60.8773"	"67.3144"	"56.5655"	"61.9055"	"64.3811"	"44.6619"	"49.8311"	"56.6568"	"75.8806"	"32.9655"	"44.1202"	"62.785"	"55.9777"	"63.5401"	"58.9595"	"91.5052"	"73.1299"	"55.7546"	"50.8402"	"56.2557"	"56.7072"	"46.946"	"54.1396"	"80.204"	"65.1313"	"48.8786"	"80.204"	"82.8339"	"48.0701"	"47.527"	"48.5815"	"74.2243"	"44.5468"	"51.923"	"51.0309"	"51.1356"	"38.2554"	"43.9311"	"47.527"	"68.0442"	"58.5717"	"60.0246"	"43.3366"	"49.0257"	"56.8667"	"70.3193"	"60.7287"	"58.4381"	"40.4813"	"58.9443"	"71.9783"	"39.5129"	"43.0136"	"33.7166"	"56.3692"	"46.5968"	"33.7166"	"58.2214"	"61.6022"
"CHEBI:29987"	"C5H7NO4-2"	"NC(CCC([O-])=O)C([O-])=O"	"InChI=1S/C5H9NO4/c6-3(5(9)10)1-2-4(7)8/h3H,1-2,6H2,(H,7,8)(H,9,10)/p-2"	"glutamate(2-)"	""	""	"NCBITAXON:http://purl.bioontology.org/ontology/NCBITAXON/3711"	"Brassica rapa"	""	""	""	""	""	""	""	""	""	"7.591"	"3.3946"	"3.4829"	"2.6781"	"4.1083"	"5.3827"	"3.2828"	"3.3985"	"4.0984"	"6.6325"	"5.5734"	"6.9509"	"4.4008"	"3.5463"	"3.0594"	"7.591"	"5.2528"	"2.886"	"8.7555"	"8.6346"	"3.119"	"3.455"	"6.0634"	"5.2489"	"8.7285"	"8.5064"	"3.0467"	"6.9453"	"6.6572"	"3.7527"	"8.0395"	"7.1709"	"4.4324"	"4.1398"	"3.5225"	"3.4773"	"8.4675"	"6.8897"	"2.98"	"2.7819"	"3.083"	"4.7244"	"5.7645"	"7.3301"	"9.6225"	"7.7319"	"9.9156"	"9.6225"	"9.6492"	"10.3464"	"7.5069"	"9.7194"	"8.8561"	"6.7291"	"10.2865"	"4.9805"	"6.66"	"6.1809"	"6.745"	"7.5069"	"7.4025"	"7.0558"	"6.8672"	"8.6652"	"3.7305"	"13.5466"	"3.0438"	"14.3037"	"3.2713"	"7.7917"	"4.393"	"3.4055"	"4.1062"	"7.5397"	"4.2359"	"7.9811"	"5.8611"	"4.2359"	"2.914"	"3.5561"
"CHEBI:28300"	"C5H10N2O3"	"NC(CCC(N)=O)C(O)=O"	"InChI=1S/C5H10N2O3/c6-3(5(9)10)1-2-4(7)8/h3H,1-2,6H2,(H2,7,8)(H,9,10)"	"glutamine"	""	""	"NCBITAXON:http://purl.bioontology.org/ontology/NCBITAXON/3711"	"Brassica rapa"	""	""	""	""	""	""	""	""	""	"6.5591"	"5.2135"	"5.451"	"8.7726"	"8.565"	"8.2751"	"7.0888"	"10.4776"	"8.812"	"8.551"	"6.1966"	"6.2062"	"6.06"	"11.8978"	"11.5448"	"6.5591"	"5.5051"	"6.5814"	"7.3276"	"7.0218"	"8.7251"	"9.2633"	"9.9815"	"8.6697"	"11.1071"	"10.8514"	"8.4199"	"11.419"	"10.9378"	"11.136"	"12.168"	"11.4946"	"9.5453"	"9.5386"	"8.5141"	"8.7878"	"14.098"	"11.6512"	"10.2479"	"10.1258"	"8.8213"	"10.3616"	"11.1858"	"10.7199"	"11.2275"	"12.1971"	"13.3477"	"11.2275"	"11.4128"	"13.2791"	"10.2952"	"11.6946"	"13.9646"	"10.1288"	"12.4595"	"9.5111"	"10.2485"	"9.1954"	"9.6303"	"10.2952"	"10.9784"	"13.052"	"13.0631"	"12.4351"	"13.601"	"8.0708"	"8.8093"	"8.2728"	"8.6723"	"11.5631"	"8.9354"	"9.7455"	"9.2028"	"11.1155"	"10.407"	"12.2304"	"11.2997"	"10.407"	"6.6454"	"7.4756"
"CHEBI:17754"	"C3H8O3"	"OCC(O)CO"	"InChI=1S/C3H8O3/c4-1-3(6)2-5/h3-6H,1-2H2"	"glycerol"	""	""	"NCBITAXON:http://purl.bioontology.org/ontology/NCBITAXON/3711"	"Brassica rapa"	""	""	""	""	""	""	""	""	""	"35.1749"	"18.6065"	"16.3488"	"14.4791"	"12.9455"	"13.6979"	"16.3477"	"20.5704"	"12.0149"	"14.9336"	"32.4299"	"33.3313"	"24.4282"	"6.5705"	"6.1005"	"35.1749"	"26.6482"	"15.7796"	"18.1123"	"15.95"	"16.4693"	"17.2784"	"27.7409"	"25.1821"	"23.8723"	"25.9182"	"17.7246"	"16.3032"	"16.642"	"17.6147"	"5.7296"	"5.8529"	"14.3959"	"12.0623"	"17.5814"	"15.7192"	"34.7228"	"27.4872"	"15.8938"	"16.1086"	"14.8168"	"10.1818"	"8.0257"	"11.0763"	"41.4008"	"23.8391"	"8.6851"	"41.4008"	"42.836"	"7.9902"	"8.5536"	"12.0346"	"27.2491"	"7.3921"	"12.8735"	"12.7257"	"12.912"	"8.8486"	"9.3307"	"8.5536"	"14.9202"	"22.1465"	"22.5681"	"5.6721"	"6.9116"	"23.755"	"17.396"	"22.4443"	"15.9956"	"5.5255"	"16.4792"	"18.5681"	"11.1423"	"4.9442"	"10.8378"	"8.6783"	"5.6519"	"10.8378"	"16.7128"	"15.3295"
"CHEBI:15428"	"C2H5NO2"	"NCC(O)=O"	"InChI=1S/C2H5NO2/c3-1-2(4)5/h1,3H2,(H,4,5)"	"glycine"	""	""	"NCBITAXON:http://purl.bioontology.org/ontology/NCBITAXON/3711"	"Brassica rapa"	""	""	""	""	""	""	""	""	""	"30.421"	"20.9299"	"19.4117"	"18.7302"	"12.259"	"10.0598"	"20.6015"	"21.3009"	"12.7063"	"9.775"	"28.6838"	"29.5589"	"25.3786"	"5.4016"	"5.381"	"30.421"	"34.7009"	"19.5052"	"20.2031"	"19.8086"	"13.1849"	"14.2277"	"29.2277"	"25.6865"	"27.7357"	"26.3195"	"23.3029"	"11.5742"	"9.277"	"22.3554"	"6.6294"	"6.7291"	"21.3364"	"20.4767"	"23.0787"	"20.5711"	"27.1573"	"21.6985"	"14.5387"	"15.6787"	"16.2562"	"6.503"	"5.8947"	"7.2464"	"49.2005"	"24.598"	"6.3865"	"49.2005"	"47.2754"	"6.1556"	"7.7444"	"8.1429"	"29.274"	"6.9327"	"9.1358"	"9.3236"	"10.4005"	"6.4577"	"6.4367"	"7.7444"	"8.1088"	"18.1855"	"17.5512"	"5.7284"	"6.1366"	"32.8248"	"21.112"	"31.7815"	"16.6714"	"5.0759"	"18.5851"	"21.4808"	"9.9528"	"5.4087"	"9.8873"	"6.9917"	"6.3117"	"9.8873"	"21.3649"	"19.7204"
"CHEBI:17596"	"C10H12N4O5"	"OC[C@H]1O[C@H]([C@H](O)[C@@H]1O)n1cnc2c(O)ncnc12"	"InChI=1S/C10H12N4O5/c15-1-4-6(16)7(17)10(19-4)14-3-13-5-8(14)11-2-12-9(5)18/h2-4,6-7,10,15-17H,1H2,(H,11,12,18)/t4-,6-,7-,10-/m1/s1"	"inosine"	""	""	"NCBITAXON:http://purl.bioontology.org/ontology/NCBITAXON/3711"	"Brassica rapa"	""	""	""	""	""	""	""	""	""	"0.0515"	"0.0602"	"0.0574"	"0.0414"	"0.0333"	"0.0449"	"0.0725"	"0.0531"	"0.0363"	"0.0374"	"0"	"0.0665"	"0.0681"	"0.0706"	"0.0695"	"0.0515"	"0.1189"	"0.0692"	"0.1078"	"0.098"	"0.034"	"0.0286"	"0.2946"	"0.2766"	"0.1283"	"0.1284"	"0.0983"	"0.0403"	"0.0341"	"0.0604"	"0.0349"	"0.0349"	"0.1645"	"0.1759"	"0.0751"	"0.0575"	"0.1065"	"0.0836"	"0.0323"	"0.0407"	"0.0341"	"0.1027"	"0.0713"	"0.0237"	"0.6192"	"0.1061"	"0.0287"	"0.6192"	"0.5993"	"0.0342"	"0.0326"	"0.0395"	"0.1268"	"0.0291"	"0.0509"	"0.0374"	"0.0281"	"0.057"	"0.0565"	"0.0326"	"0.0817"	"0.064"	"0.0577"	"0.0359"	"0.0642"	"0.1566"	"0.0693"	"0.1276"	"0.0351"	"0.0552"	"0.07"	"0.0578"	"0.0446"	"0.0419"	"0.0307"	"0.0454"	"0.064"	"0.0307"	"0.0726"	"0.0487"
"CHEBI:24898"	"C6H13NO2"	""	""	"isoleucine"	""	""	"NCBITAXON:http://purl.bioontology.org/ontology/NCBITAXON/3711"	"Brassica rapa"	""	""	""	""	""	""	""	""	""	"2.011"	"1.221"	"1.1479"	"1.3509"	"2.2772"	"1.6518"	"1.2473"	"1.5803"	"2.3522"	"1.5209"	"1.0614"	"1.8775"	"1.5364"	"1.8057"	"1.7762"	"2.011"	"2.2424"	"1.1376"	"5.5374"	"5.2734"	"1.3808"	"1.5109"	"3.2381"	"2.8487"	"6.0648"	"5.7478"	"1.643"	"4.981"	"4.2571"	"1.5061"	"2.8605"	"2.7296"	"2.3993"	"2.2756"	"1.5637"	"1.4279"	"5.7612"	"4.9073"	"1.4439"	"1.5713"	"1.2507"	"1.8022"	"1.7348"	"1.5734"	"4.9542"	"5.4186"	"4.7676"	"4.9542"	"4.9422"	"4.5595"	"2.5867"	"4.5592"	"6.3788"	"2.4903"	"4.7836"	"1.5121"	"1.5776"	"1.5825"	"1.6617"	"2.5867"	"1.9308"	"5.1314"	"5.007"	"4.3318"	"3.5046"	"8.7253"	"1.3782"	"8.6239"	"1.3281"	"3.9653"	"2.3291"	"1.4347"	"2.4428"	"2.7322"	"2.5131"	"1.9682"	"1.8364"	"2.5131"	"1.2812"	"1.1944"
"CHEBI:78320"	"C3H6O3"	"CC(O)C(O)=O"	"InChI=1S/C3H6O3/c1-2(4)3(5)6/h2,4H,1H3,(H,5,6)"	"lactate"	""	""	"NCBITAXON:http://purl.bioontology.org/ontology/NCBITAXON/3711"	"Brassica rapa"	""	""	""	""	""	""	""	""	""	"3.3579"	"1.4131"	"1.3339"	"6.9192"	"26.5305"	"14.5669"	"1.262"	"8.4115"	"26.2803"	"14.2136"	"2.3669"	"2.1828"	"2.3737"	"4.275"	"3.8688"	"3.3579"	"4.0088"	"1.229"	"5.0252"	"4.6991"	"18.6137"	"19.102"	"5.0637"	"5.0746"	"7.2666"	"7.2225"	"7.1828"	"20.4135"	"26.0201"	"5.2506"	"8.4106"	"12.3396"	"3.0197"	"2.5451"	"1.4318"	"1.3915"	"20.5817"	"17.9428"	"14.3544"	"16.1596"	"12.2473"	"9.1039"	"6.667"	"7.8588"	"7.5694"	"9.1914"	"12.2558"	"7.5694"	"7.7254"	"14.2712"	"18.3482"	"14.6003"	"10.535"	"17.9369"	"16.3074"	"19.2709"	"16.2523"	"10.4241"	"10.2128"	"18.3482"	"8.8935"	"26.1911"	"23.5591"	"8.5126"	"5.9505"	"8.3126"	"2.3892"	"7.6175"	"13.4031"	"8.1146"	"10.5946"	"2.5051"	"26.8626"	"7.6479"	"20.0467"	"6.7285"	"6.0245"	"20.0467"	"1.9019"	"1.543"
"CHEBI:25017"	"C6H13NO2"	"CC(C)CC(N)C(O)=O"	"InChI=1S/C6H13NO2/c1-4(2)3-5(7)6(8)9/h4-5H,3,7H2,1-2H3,(H,8,9)"	"leucine"	""	""	"NCBITAXON:http://purl.bioontology.org/ontology/NCBITAXON/3711"	"Brassica rapa"	""	""	""	""	""	""	""	""	""	"1.6677"	"1.1076"	"1.1051"	"1.3569"	"2.6901"	"1.7013"	"1.101"	"1.5158"	"2.7429"	"1.5626"	"1.3547"	"1.5641"	"1.3214"	"2.0292"	"1.9681"	"1.6677"	"1.8953"	"1.0019"	"5.0947"	"5.0525"	"1.4115"	"1.5507"	"3.4853"	"3.0272"	"5.1157"	"4.8839"	"1.4896"	"4.9337"	"4.4685"	"1.4446"	"3.3928"	"3.2341"	"2.8085"	"2.559"	"1.4238"	"1.3237"	"5.1499"	"4.3018"	"1.453"	"1.5261"	"1.3176"	"1.9511"	"1.9109"	"1.7575"	"5.3328"	"4.8197"	"4.8626"	"5.3328"	"5.2357"	"4.914"	"3.0845"	"4.4836"	"5.4943"	"2.9937"	"4.6803"	"1.5886"	"1.6708"	"1.6945"	"1.7426"	"3.0845"	"2.0552"	"4.8431"	"4.64"	"4.5339"	"4.2552"	"7.7756"	"1.2649"	"8.3241"	"1.3361"	"4.2569"	"2.7053"	"1.3398"	"2.8828"	"3.3783"	"2.8045"	"2.1444"	"2.0345"	"2.8045"	"1.118"	"1.1564"
"CHEBI:18019"	"C6H14N2O2"	"NCCCC[C@H](N)C(O)=O"	"InChI=1S/C6H14N2O2/c7-4-2-1-3-5(8)6(9)10/h5H,1-4,7-8H2,(H,9,10)/t5-/m0/s1"	"L-lysine"	""	""	"NCBITAXON:http://purl.bioontology.org/ontology/NCBITAXON/3711"	"Brassica rapa"	""	""	""	""	""	""	""	""	""	"5.0942"	"2.9838"	"3.0295"	"3.5159"	"3.5747"	"0"	"2.9699"	"4.575"	"3.5961"	"3.9382"	"3.9263"	"4.4811"	"3.3009"	"4.1149"	"3.7883"	"5.0942"	"0"	"2.0463"	"7.2231"	"6.288"	"4.0706"	"4.1757"	"4.9451"	"4.3185"	"8.1253"	"8.1436"	"0.412"	"5.605"	"5.6562"	"4.3179"	"4.1366"	"3.5045"	"3.1989"	"3.1516"	"2.7932"	"3.8395"	"9.8334"	"7.5394"	"3.7888"	"0"	"3.6343"	"4.6136"	"4.6704"	"3.8709"	"7.4258"	"7.7522"	"6.24"	"7.4258"	"7.986"	"5.8492"	"4.8311"	"6.1375"	"8.8772"	"4.0121"	"6.0867"	"3.6409"	"3.7033"	"0"	"0.592"	"4.8311"	"4.2409"	"6.5536"	"6.863"	"6.2103"	"4.9564"	"10.6888"	"3.2113"	"10.5142"	"3.8233"	"6.1045"	"3.9659"	"3.9561"	"2.3088"	"3.6323"	"3.8775"	"4.6957"	"1.8196"	"3.8775"	"1.7526"	"3.3292"
"CHEBI:29864"	"C6H14O6"	""	""	"mannitol"	""	""	"NCBITAXON:http://purl.bioontology.org/ontology/NCBITAXON/3711"	"Brassica rapa"	""	""	""	""	""	""	""	""	""	"48.683"	"29.4219"	"24.9123"	"23.0462"	"45.0535"	"54.692"	"25.551"	"27.8303"	"46.431"	"54.1954"	"45.7308"	"47.5148"	"38.2442"	"86.3947"	"86.558"	"48.683"	"56.707"	"24.572"	"28.4419"	"25.9021"	"37.1264"	"39.8847"	"42.0745"	"36.7791"	"41.4881"	"38.5524"	"33.5209"	"66.0021"	"60.1417"	"25.6765"	"88.6854"	"81.2499"	"27.3663"	"22.28"	"27.7831"	"22.6582"	"42.4489"	"34.4566"	"36.4472"	"40.0819"	"24.5698"	"79.735"	"82.3103"	"66.8404"	"62.9724"	"35.5218"	"87.124"	"62.9724"	"62.4085"	"87.6588"	"76.0137"	"72.5346"	"41.9239"	"75.6158"	"76.4289"	"56.8149"	"61.0022"	"65.6097"	"68.6026"	"76.0137"	"74.122"	"43.2645"	"41.0255"	"88.8516"	"112.3606"	"43.5472"	"28.2085"	"40.6407"	"24.846"	"85.0825"	"28.646"	"25.5505"	"59.1623"	"81.2127"	"63.0811"	"83.45"	"75.9578"	"63.0811"	"28.4077"	"22.082"
"CHEBI:16811"	"C5H11NO2S"	"CSCCC(N)C(O)=O"	"InChI=1S/C5H11NO2S/c1-9-3-2-4(6)5(7)8/h4H,2-3,6H2,1H3,(H,7,8)"	"methionine"	""	""	"NCBITAXON:http://purl.bioontology.org/ontology/NCBITAXON/3711"	"Brassica rapa"	""	""	""	""	""	""	""	""	""	"1.6773"	"1.1307"	"0.9641"	"0.5248"	"0.6688"	"0.0563"	"1.4221"	"0.9777"	"0.6848"	"0.5769"	"1.342"	"1.5442"	"1.4376"	"0.5987"	"0.5184"	"1.6773"	"1.7232"	"1.3576"	"1.9606"	"1.9022"	"0.5319"	"0.5167"	"1.3708"	"1.2398"	"1.7515"	"1.9244"	"0.4642"	"1.2367"	"1.2295"	"0.7745"	"0.8012"	"0.7088"	"0.7366"	"0.7383"	"1.5856"	"1.4154"	"2.3118"	"1.5732"	"0.4359"	"0.1966"	"0.4029"	"0.6591"	"0.6414"	"0.5259"	"2.4511"	"1.7536"	"1.4748"	"2.4511"	"2.5924"	"1.393"	"1.1473"	"1.256"	"2.0077"	"0.9827"	"1.1895"	"0.5089"	"0.5146"	"0.047"	"0.2047"	"1.1473"	"0.9297"	"1.4152"	"1.4946"	"1.156"	"1.0551"	"4.2103"	"1.2392"	"4.2231"	"0.4925"	"1.0363"	"0.7578"	"1.4731"	"0.4021"	"0.7523"	"0.7582"	"0.7059"	"0.2866"	"0.7582"	"1.3911"	"1.0704"
"CHEBI:28044"	"C9H11NO2"	"NC(Cc1ccccc1)C(O)=O"	"InChI=1S/C9H11NO2/c10-8(9(11)12)6-7-4-2-1-3-5-7/h1-5,8H,6,10H2,(H,11,12)"	"phenylalanine"	""	""	"NCBITAXON:http://purl.bioontology.org/ontology/NCBITAXON/3711"	"Brassica rapa"	""	""	""	""	""	""	""	""	""	"0.8978"	"0.5977"	"0.5547"	"0.655"	"1.1317"	"0.7802"	"0.6145"	"0.69"	"1.1499"	"0.5829"	"0.9087"	"0.8868"	"0.663"	"0.8938"	"0.8919"	"0.8978"	"1.4492"	"0.5453"	"2.0069"	"1.9961"	"0.5755"	"0.6849"	"1.4861"	"1.2732"	"2.1477"	"1.9025"	"0.6134"	"1.665"	"1.7439"	"0.6977"	"1.4733"	"1.3694"	"1.1717"	"1.1313"	"0.7777"	"0.6791"	"1.8696"	"1.5573"	"0.6589"	"0.6667"	"0.6053"	"0.8246"	"0.6469"	"0.7857"	"2.2716"	"1.8673"	"1.9899"	"2.2716"	"2.152"	"1.9966"	"0.9666"	"1.7391"	"2.189"	"1.0787"	"1.7837"	"0.6914"	"0.7462"	"0.5592"	"0.6147"	"0.9666"	"0.7891"	"1.8899"	"1.7848"	"1.6411"	"2.0268"	"2.9623"	"0.6491"	"3.1335"	"0.5796"	"1.3509"	"1.1299"	"0.6583"	"1.0816"	"1.3863"	"1.208"	"0.8716"	"0.6993"	"1.208"	"0.585"	"0.564"
"CHEBI:26271"	"C5H9NO2"	"OC(=O)C1CCCN1"	"InChI=1S/C5H9NO2/c7-5(8)4-2-1-3-6-4/h4,6H,1-3H2,(H,7,8)"	"proline"	""	""	"NCBITAXON:http://purl.bioontology.org/ontology/NCBITAXON/3711"	"Brassica rapa"	""	""	""	""	""	""	""	""	""	"12.8939"	"6.4184"	"6.5329"	"5.267"	"5.7977"	"1.5314"	"5.6429"	"6.2845"	"5.9104"	"6.41"	"10.452"	"11.1153"	"8.6496"	"7.6185"	"6.4813"	"12.8939"	"6.8765"	"5.0992"	"8.4227"	"8.1376"	"5.4002"	"6.045"	"9.8826"	"8.8551"	"10.6397"	"10.593"	"0.5656"	"8.4204"	"8.212"	"6.4594"	"5.6819"	"5.1004"	"4.8241"	"5.3243"	"6.4266"	"6.1192"	"11.552"	"9.8424"	"5.7078"	"1.8375"	"5.2233"	"9.8556"	"8.627"	"8.5268"	"19.8145"	"11.4259"	"10.2794"	"19.8145"	"20.2406"	"8.7324"	"9.2138"	"9.1779"	"13.2313"	"8.9361"	"7.7459"	"5.6502"	"7.0427"	"1.5963"	"1.6356"	"9.2138"	"9.6637"	"8.9892"	"8.5583"	"5.4846"	"5.8257"	"13.4166"	"5.9879"	"13.6071"	"5.2624"	"4.4756"	"6.1298"	"6.5791"	"5.5208"	"4.4228"	"5.9498"	"9.5647"	"2.3286"	"5.9498"	"4.9895"	"6.4013"
"CHEBI:17822"	"C3H7NO3"	"NC(CO)C(O)=O"	"InChI=1S/C3H7NO3/c4-2(1-5)3(6)7/h2,5H,1,4H2,(H,6,7)"	"serine"	""	""	"NCBITAXON:http://purl.bioontology.org/ontology/NCBITAXON/3711"	"Brassica rapa"	""	""	""	""	""	""	""	""	""	"48.8861"	"26.0567"	"20.7675"	"17.5623"	"15.851"	"25.3692"	"25.5203"	"21.466"	"14.3734"	"13.5739"	"43.1603"	"48.9135"	"36.7779"	"8.0969"	"8.5774"	"48.8861"	"70.7919"	"24.5152"	"27.1389"	"23.1035"	"11.8918"	"13.6631"	"43.021"	"41.0255"	"41.1579"	"36.9489"	"35.3882"	"20.1425"	"16.3883"	"20.6629"	"14.659"	"16.1807"	"24.4133"	"20.2141"	"27.7128"	"20.9344"	"29.5712"	"27.6543"	"14.223"	"24.2763"	"13.8103"	"12.2954"	"9.4509"	"11.2897"	"61.8864"	"32.6132"	"11.5112"	"61.8864"	"62.3841"	"13.562"	"8.9779"	"17.0883"	"40.0399"	"9.8922"	"20.9286"	"11.0965"	"11.8196"	"22.4489"	"21.6753"	"8.9779"	"9.1114"	"24.7357"	"21.6042"	"12.9086"	"14.2531"	"41.139"	"25.7993"	"37.3112"	"13.7569"	"11.8233"	"21.2577"	"22.29"	"15.6138"	"13.9531"	"11.5642"	"9.8733"	"16.9116"	"11.5642"	"28.047"	"18.383"
"CHEBI:17992"	"C12H22O11"	"OC[C@H]1O[C@H](O[C@]2(CO)O[C@H](CO)[C@@H](O)[C@@H]2O)[C@H](O)[C@@H](O)[C@@H]1O"	"InChI=1S/C12H22O11/c13-1-4-6(16)8(18)9(19)11(21-4)23-12(3-15)10(20)7(17)5(2-14)22-12/h4-11,13-20H,1-3H2/t4-,5-,6-,7-,8+,9-,10+,11-,12+/m1/s1"	"sucrose"	""	""	"NCBITAXON:http://purl.bioontology.org/ontology/NCBITAXON/3711"	"Brassica rapa"	""	""	""	""	""	""	""	""	""	"13.7503"	"5.8096"	"5.1599"	"1.8586"	"1.561"	"2.0251"	"4.0765"	"1.9844"	"1.5339"	"0.8699"	"11.6945"	"11.1995"	"7.5714"	"0.6053"	"0.6723"	"13.7503"	"21.1749"	"3.6918"	"6.0793"	"6.1621"	"1.0222"	"1.2023"	"6.8574"	"6.1068"	"6.5634"	"5.5009"	"3.8009"	"1.5412"	"1.1994"	"2.2144"	"1.1791"	"1.2196"	"3.4926"	"3.1411"	"3.5182"	"2.6864"	"2.5649"	"2.2338"	"1.3194"	"2.2017"	"1.5329"	"0.8107"	"0.6888"	"0.8146"	"16.8473"	"4.4006"	"0.8788"	"16.8473"	"15.9247"	"1.1324"	"0.5866"	"1.1205"	"5.3708"	"0.6738"	"1.5085"	"0.7898"	"0.8719"	"1.7104"	"1.648"	"0.5866"	"0.8225"	"2.1877"	"1.702"	"1.0903"	"1.892"	"12.8329"	"3.3794"	"12.8254"	"1.4473"	"1.1074"	"2.6373"	"2.9427"	"1.3135"	"1.0571"	"1.0168"	"0.6669"	"1.48"	"1.0168"	"4.2948"	"3.3156"
"CHEBI:26986"	"C4H9NO3"	"CC(O)C(N)C(O)=O"	"InChI=1S/C4H9NO3/c1-2(6)3(5)4(7)8/h2-3,6H,5H2,1H3,(H,7,8)"	"threonine"	""	""	"NCBITAXON:http://purl.bioontology.org/ontology/NCBITAXON/3711"	"Brassica rapa"	""	""	""	""	""	""	""	""	""	"3.8285"	"1.623"	"1.5513"	"8.1197"	"14.7921"	"12.1657"	"1.4392"	"9.6451"	"13.9037"	"8.4253"	"2.4494"	"2.488"	"2.7088"	"4.9246"	"3.7354"	"3.8285"	"4.5657"	"1.3968"	"5.7708"	"5.4311"	"9.0183"	"11.6269"	"5.7017"	"5.6824"	"8.1721"	"8.107"	"8.1339"	"15.4138"	"10.8922"	"6.054"	"5.5457"	"6.9008"	"3.4998"	"2.9605"	"1.6372"	"1.6029"	"17.1031"	"17.5573"	"11.4061"	"18.3486"	"12.3868"	"8.0279"	"5.6386"	"7.1109"	"8.4726"	"10.3392"	"7.0333"	"8.4726"	"8.6102"	"7.3709"	"6.8555"	"10.678"	"11.8319"	"7.2638"	"10.9533"	"7.5543"	"9.7873"	"6.6298"	"6.4819"	"6.8555"	"6.6996"	"20.192"	"16.7444"	"4.819"	"6.682"	"9.5504"	"2.7468"	"8.8599"	"11.1332"	"3.9661"	"12.3092"	"2.8877"	"11.2543"	"5.6088"	"8.9788"	"7.4003"	"6.5067"	"8.9788"	"2.1703"	"1.8034"
"CHEBI:18139"	"C3H9N"	"CN(C)C"	"InChI=1S/C3H9N/c1-4(2)3/h1-3H3"	"trimethylamine"	""	""	"NCBITAXON:http://purl.bioontology.org/ontology/NCBITAXON/3711"	"Brassica rapa"	""	""	""	""	""	""	""	""	""	"0.9019"	"0.739"	"0.7035"	"0.6643"	"0.6479"	"0.6577"	"0.7129"	"0.7971"	"0.6312"	"0.739"	"0.3802"	"0.8867"	"0.7493"	"0.6381"	"0.6144"	"0.9019"	"0.5927"	"0.6991"	"1.3725"	"1.3345"	"0.702"	"0.6706"	"1.0246"	"0.9832"	"1.3549"	"1.3912"	"0.7517"	"0.7908"	"0.7424"	"0.7449"	"0.5917"	"0.6447"	"0.6784"	"0.6523"	"0.6996"	"0.7198"	"1.3769"	"1.1678"	"0.6557"	"0.6739"	"0.6394"	"0.7617"	"0.6426"	"0.626"	"1.4918"	"1.2503"	"0.7233"	"1.4918"	"1.524"	"0.7134"	"0.792"	"0.8395"	"1.3547"	"0.6971"	"0.8509"	"0.6828"	"0.6403"	"0.6606"	"0.6634"	"0.792"	"0.76"	"1.0527"	"0.9779"	"0.6495"	"0.5741"	"2.241"	"0.6804"	"2.287"	"0.6872"	"0.6446"	"0.6884"	"0.742"	"0.6435"	"0.6111"	"0.5978"	"0.6673"	"0.5873"	"0.5978"	"0.6501"	"0.6756"
"CHEBI:15724"	"C3H9NO"	"C[N+](C)([O-])C"	"InChI=1S/C3H9NO/c1-4(2,3)5/h1-3H3"	"trimethylamine N-oxide"	""	""	"NCBITAXON:http://purl.bioontology.org/ontology/NCBITAXON/3711"	"Brassica rapa"	""	""	""	""	""	""	""	""	""	"2.7484"	"1.9625"	"1.7722"	"2.0385"	"1.6964"	"1.8256"	"2.2091"	"2.558"	"1.6741"	"1.7202"	"2.8807"	"2.6978"	"2.5167"	"1.4811"	"1.4555"	"2.7484"	"2.9382"	"2.1457"	"1.9213"	"1.8229"	"1.8599"	"1.9952"	"3.2248"	"2.8225"	"2.9284"	"2.835"	"2.772"	"1.9281"	"1.6832"	"2.5123"	"1.5223"	"1.5085"	"2.3115"	"2.1019"	"2.5802"	"2.2059"	"3.3949"	"2.6855"	"1.9861"	"2.1859"	"1.8445"	"1.7976"	"1.5473"	"1.5857"	"4.4945"	"2.8442"	"1.5167"	"4.4945"	"4.3595"	"1.5574"	"1.5953"	"1.7036"	"3.2996"	"1.4062"	"1.8618"	"1.7095"	"1.8332"	"1.6917"	"1.6828"	"1.5953"	"1.9468"	"2.4666"	"2.3202"	"1.6668"	"1.9969"	"2.5748"	"2.3491"	"2.344"	"1.9357"	"1.5535"	"2.2293"	"2.4757"	"1.5041"	"1.5224"	"1.4779"	"1.7149"	"1.6606"	"1.4779"	"2.228"	"2.0066"
"CHEBI:27897"	"C11H12N2O2"	"NC(Cc1c[nH]c2ccccc12)C(O)=O"	"InChI=1S/C11H12N2O2/c12-9(11(14)15)5-7-6-13-10-4-2-1-3-8(7)10/h1-4,6,9,13H,5,12H2,(H,14,15)"	"tryptophan"	""	""	"NCBITAXON:http://purl.bioontology.org/ontology/NCBITAXON/3711"	"Brassica rapa"	""	""	""	""	""	""	""	""	""	"0.2748"	"0.1298"	"0.1405"	"0.1927"	"0.2732"	"0.2433"	"0.195"	"0.2032"	"0.2746"	"0.2223"	"0.211"	"0.2786"	"0.1712"	"0.2702"	"0.2694"	"0.2748"	"0.9855"	"0.1514"	"0.2035"	"0.1683"	"0.1694"	"0.1959"	"0.3594"	"0.3031"	"0.326"	"0.2159"	"0.1904"	"0.2759"	"0.239"	"0.1902"	"0.2826"	"0.2705"	"0.2636"	"0.2527"	"0.2365"	"0.1868"	"0.3001"	"0.2263"	"0.1923"	"0.1982"	"0.1622"	"0.3331"	"0.2329"	"0.2346"	"0.6019"	"0.2403"	"0.2981"	"0.6019"	"0.5255"	"0.3215"	"0.2512"	"0.2608"	"0.3176"	"0.2476"	"0.2811"	"0.1844"	"0.2285"	"0.229"	"0.236"	"0.2512"	"0.4051"	"0.2329"	"0.2317"	"0.3112"	"0.7885"	"0.4828"	"0.1586"	"0.4216"	"0.1702"	"0.3515"	"0.2987"	"0.1914"	"0.2216"	"0.2579"	"0.2281"	"0.2637"	"0.2497"	"0.2281"	"0.1461"	"0.1305"
"CHEBI:18186"	"C9H11NO3"	"NC(Cc1ccc(O)cc1)C(O)=O"	"InChI=1S/C9H11NO3/c10-8(9(12)13)5-6-1-3-7(11)4-2-6/h1-4,8,11H,5,10H2,(H,12,13)"	"tyrosine"	""	""	"NCBITAXON:http://purl.bioontology.org/ontology/NCBITAXON/3711"	"Brassica rapa"	""	""	""	""	""	""	""	""	""	"0.9134"	"0.5474"	"0.4901"	"0.5384"	"0.9647"	"0.587"	"0.5765"	"0.5743"	"0.9906"	"0.641"	"0.9266"	"0.8795"	"0.621"	"0.7378"	"0.7599"	"0.9134"	"1.3682"	"0.4784"	"0.8516"	"0.7873"	"0.5254"	"0.5705"	"1.3564"	"1.1629"	"1.0533"	"1.0186"	"0.4668"	"0.9139"	"0.9317"	"0.5778"	"1.1703"	"1.0867"	"0.9727"	"0.9567"	"0.7038"	"0.5893"	"1.3962"	"0.9189"	"0.5614"	"0.5153"	"0.497"	"0.8225"	"0.6709"	"0.667"	"1.9817"	"1.0337"	"1.1907"	"1.9817"	"1.871"	"1.1614"	"1.1542"	"1.0637"	"1.1928"	"1.0682"	"1.0164"	"0.5973"	"0.6399"	"0.5516"	"0.5912"	"1.1542"	"0.8981"	"1.0283"	"1.0311"	"1.0655"	"1.8586"	"1.1243"	"0.5452"	"1.1147"	"0.4873"	"1.039"	"1.0051"	"0.5699"	"0.8514"	"1.0787"	"0.9805"	"0.8078"	"0.6469"	"0.9805"	"0.5159"	"0.4854"
"CHEBI:27266"	"C5H11NO2"	"CC(C)C(N)C(O)=O"	"InChI=1S/C5H11NO2/c1-3(2)4(6)5(7)8/h3-4H,6H2,1-2H3,(H,7,8)"	"valine"	""	""	"NCBITAXON:http://purl.bioontology.org/ontology/NCBITAXON/3711"	"Brassica rapa"	""	""	""	""	""	""	""	""	""	"1.7757"	"1.1559"	"1.1576"	"1.3097"	"2.2196"	"1.5781"	"1.1401"	"1.4935"	"2.2977"	"1.4805"	"1.2431"	"1.604"	"1.338"	"1.8014"	"1.8085"	"1.7757"	"2.0215"	"1.0507"	"5.0299"	"5.0844"	"1.3505"	"1.4688"	"2.7535"	"2.4105"	"4.9308"	"4.6683"	"1.4241"	"4.7539"	"4.2635"	"1.4206"	"2.8275"	"2.697"	"2.2566"	"2.1845"	"1.4615"	"1.3419"	"4.7967"	"4.0792"	"1.4278"	"1.4969"	"1.2594"	"1.7624"	"1.7394"	"1.6457"	"4.189"	"4.5416"	"4.8007"	"4.189"	"4.1207"	"4.7912"	"2.5209"	"4.3341"	"5.1647"	"2.4421"	"4.4845"	"1.4759"	"1.5756"	"1.4475"	"1.6035"	"2.5209"	"1.9239"	"4.6611"	"4.5131"	"4.5652"	"3.5055"	"8.5496"	"1.2561"	"8.9329"	"1.2922"	"3.6733"	"2.236"	"1.3267"	"2.3892"	"2.7216"	"2.4744"	"1.9602"	"1.7265"	"2.4744"	"1.1371"	"1.1846"
"CHEBI:16865"	"C4H9NO2"	"NCCCC(O)=O"	"InChI=1S/C4H9NO2/c5-3-1-2-4(6)7/h1-3,5H2,(H,6,7)"	"gamma-aminobutyrate"	""	""	"NCBITAXON:http://purl.bioontology.org/ontology/NCBITAXON/3711"	"Brassica rapa"	""	""	""	""	""	""	""	""	""	"1.4136"	"0.9469"	"0.8395"	"2.5644"	"2.8688"	"0.7161"	"1.784"	"3.0938"	"2.8161"	"0.5752"	"1.5154"	"1.1496"	"1.1347"	"0.5157"	"0.4585"	"1.4136"	"1.8832"	"1.7006"	"2.6357"	"2.7366"	"1.677"	"2.8577"	"3.4689"	"3.8944"	"4.4005"	"4.4616"	"3.0634"	"1.231"	"1.3222"	"2.2727"	"0.6769"	"0.693"	"2.7983"	"2.8741"	"2.5897"	"2.6963"	"4.8009"	"5.8411"	"1.8183"	"1.9028"	"2.7278"	"0.5608"	"0.6585"	"0.7235"	"4.3761"	"5.8892"	"1.0437"	"4.3761"	"4.325"	"1.0636"	"0.809"	"1.1788"	"5.147"	"0.8554"	"1.0692"	"0.5759"	"0.6553"	"1.1788"	"1.0692"	"0.809"	"0.58"	"4.637"	"4.857"	"0.7611"	"0.8591"	"2.7503"	"2.32"	"2.678"	"2.5664"	"0.6147"	"3.2433"	"2.6151"	"0.9101"	"0.7577"	"2.4401"	"0.4277"	"0.6492"	"2.4401"	"1.0699"	"0.8766"
"CHEBI:22599"	"C5H10O5"	""	""	"arabinose"	""	""	"NCBITAXON:http://purl.bioontology.org/ontology/NCBITAXON/3711"	"Brassica rapa"	""	""	""	""	""	""	""	""	""	"20.3941"	"2.2283"	"3.6439"	"2.155"	"2.5223"	"1.0356"	"3.4377"	"1.8631"	"2.5242"	"5.318"	"6.1593"	"9.5965"	"4.5762"	"0.8139"	"1.176"	"20.3941"	"6.1217"	"4.0449"	"2.7644"	"2.9267"	"1.4122"	"0.9317"	"7.092"	"8.0124"	"4.6179"	"7.6705"	"2.322"	"2.2754"	"3.4221"	"7.7708"	"2.9215"	"2.5654"	"3.4382"	"4.477"	"2.7481"	"4.6171"	"2.2826"	"1.3497"	"5.0498"	"1.7293"	"1.3592"	"0.7199"	"1.0751"	"1.2138"	"11.2834"	"6.3386"	"2.4136"	"11.2834"	"11.9947"	"1.5796"	"0.8603"	"4.0887"	"4.5407"	"0.4853"	"2.5546"	"1.3371"	"1.0502"	"4.0887"	"2.5546"	"0.8603"	"1.1462"	"2.3408"	"3.8489"	"2.568"	"2.6841"	"6.9587"	"3.8927"	"5.2167"	"1.7282"	"2.5898"	"3.517"	"2.3821"	"1.6329"	"2.3864"	"2.9585"	"3.8602"	"0.6389"	"2.9585"	"1.7049"	"4.4565"
"CHEBI:18127"	"C5H14N2"	"NCCCCCN"	"InChI=1S/C5H14N2/c6-4-2-1-3-5-7/h1-7H2"	"cadaverine"	""	""	"NCBITAXON:http://purl.bioontology.org/ontology/NCBITAXON/3711"	"Brassica rapa"	""	""	""	""	""	""	""	""	""	"0"	"1.6001"	"1.5341"	"1.7227"	"1.8166"	"2.0106"	"1.1934"	"2.2989"	"1.8048"	"0"	"2.1574"	"1.4156"	"1.7154"	"2.3383"	"2.0597"	"0"	"2.472"	"1.4972"	"3.1349"	"3.8693"	"2.0392"	"1.8035"	"2.149"	"2.4924"	"4.1467"	"4.1392"	"2.0625"	"2.9616"	"2.8307"	"0"	"1.8301"	"2.2194"	"1.5624"	"1.5666"	"1.9607"	"1.7889"	"3.8951"	"5.1036"	"0"	"1.8458"	"1.7647"	"2.3773"	"2.4021"	"2.6988"	"3.4168"	"4.5209"	"3.2968"	"3.4168"	"3.2886"	"3.5328"	"2.2548"	"3.1728"	"3.9236"	"2.6054"	"3.3019"	"1.8439"	"1.7624"	"3.1728"	"3.3019"	"2.2548"	"2.1107"	"3.4078"	"3.2539"	"2.5633"	"3.1381"	"5.3662"	"1.6317"	"5.3495"	"1.6841"	"2.036"	"2.1511"	"2.0748"	"1.9604"	"3.0988"	"1.1589"	"1.196"	"2.2918"	"1.1589"	"1.7609"	"0.8103"
"CHEBI:35804"	"C6H7O7-"	""	""	"citrate(1-)"	""	""	"NCBITAXON:http://purl.bioontology.org/ontology/NCBITAXON/3711"	"Brassica rapa"	""	""	""	""	""	""	""	""	""	"3.0122"	"1.1781"	"1.2357"	"0.9132"	"0.5446"	"0.6492"	"1.0528"	"1.5308"	"0.5678"	"0.275"	"3.3019"	"2.6078"	"1.735"	"0.3948"	"0.2653"	"3.0122"	"3.4073"	"1.2794"	"1.825"	"2.1257"	"0.6079"	"0.5843"	"4.3766"	"4.5034"	"4.053"	"3.8696"	"1.5476"	"0.5664"	"0.5343"	"1.3772"	"0.0801"	"0.0481"	"1.8065"	"1.9881"	"1.3769"	"1.3806"	"2.5146"	"3.4473"	"0.3232"	"0.5746"	"0.8794"	"0.466"	"0.5453"	"0.8603"	"7.3106"	"4.6917"	"0.6418"	"7.3106"	"6.9258"	"0.6314"	"0.6835"	"0.5241"	"4.0626"	"0.6142"	"0.6302"	"0.5007"	"0.5456"	"0.5241"	"0.6302"	"0.6835"	"0.5313"	"1.168"	"1.1446"	"0.1573"	"0.0591"	"1.946"	"1.2124"	"1.8501"	"0.7436"	"0.0413"	"1.6209"	"1.5175"	"0.4311"	"0.0679"	"0.3948"	"0.0665"	"0.5102"	"0.3948"	"1.2286"	"1.0688"
"CHEBI:37154"	"C4H3O4-"	"OC(=O)C=CC([O-])=O"	"InChI=1S/C4H4O4/c5-3(6)1-2-4(7)8/h1-2H,(H,5,6)(H,7,8)/p-1/b2-1+"	"fumarate(1-)"	""	""	"NCBITAXON:http://purl.bioontology.org/ontology/NCBITAXON/3711"	"Brassica rapa"	""	""	""	""	""	""	""	""	""	"0.5822"	"0.1153"	"0.1253"	"0.1509"	"0.2612"	"0.0944"	"0.1279"	"0.1671"	"0.2592"	"0.0443"	"0.075"	"0.2687"	"0.1453"	"0.0255"	"0.0242"	"0.5822"	"0.0955"	"0.17"	"0.1238"	"0.1288"	"0.1584"	"0.1551"	"0.2865"	"0.3409"	"0.1701"	"0.2844"	"0.1694"	"0.1946"	"0.2265"	"0.1759"	"0.0281"	"0.0208"	"0.2616"	"0.2639"	"0.1586"	"0.2031"	"0.1913"	"0.2842"	"0.1759"	"0.1525"	"0.1515"	"0.0247"	"0.0438"	"0.0521"	"0.3755"	"0.3488"	"0.0372"	"0.3755"	"0.4483"	"0.0258"	"0.0406"	"0.0419"	"0.2734"	"0.0478"	"0.0358"	"0.0356"	"0.1632"	"0.0419"	"0.0358"	"0.0406"	"0.0289"	"0.26"	"0.2742"	"0.0615"	"0.0293"	"0.2133"	"0.156"	"0.1761"	"0.1392"	"0.0227"	"0.2639"	"0.1542"	"0.2321"	"0.0297"	"0.2535"	"0.0278"	"0.0339"	"0.2535"	"0.1077"	"0.1196"
"CHEBI:6650"	"C4H6O5"	"OC(CC(O)=O)C(O)=O"	"InChI=1S/C4H6O5/c5-2(4(8)9)1-3(6)7/h2,5H,1H2,(H,6,7)(H,8,9)"	"malate"	""	""	"NCBITAXON:http://purl.bioontology.org/ontology/NCBITAXON/3711"	"Brassica rapa"	""	""	""	""	""	""	""	""	""	"10.7779"	"3.7967"	"3.7996"	"1.6135"	"0.5665"	"1.3226"	"1.8047"	"2.9302"	"0.6002"	"0.2465"	"12.7147"	"9.6923"	"5.2581"	"1.087"	"0.7192"	"10.7779"	"13.9781"	"2.4353"	"3.8283"	"4.8439"	"1.1474"	"1.2885"	"8.1524"	"7.744"	"9.236"	"8.1085"	"2.6847"	"0.7787"	"0.2642"	"1.0272"	"0.2178"	"0.1663"	"4.457"	"5.0158"	"2.8805"	"2.3953"	"5.2123"	"6.6608"	"0.2765"	"0.8964"	"1.6505"	"1.2481"	"1.571"	"1.9515"	"9.6143"	"11.2959"	"0.638"	"9.6143"	"8.5063"	"0.902"	"1.3082"	"0.3302"	"9.6285"	"1.8704"	"0.6809"	"0.9278"	"1.0695"	"0.3302"	"0.6809"	"1.3082"	"0.9235"	"2.1843"	"1.8971"	"0.4481"	"0.2237"	"5.4649"	"2.1469"	"5.5211"	"1.154"	"0.1879"	"2.4317"	"3.2059"	"0.5316"	"0.1804"	"0.3394"	"0.1923"	"1.4263"	"0.3394"	"2.9903"	"1.5851"
"CHEBI:59640"	"C8H15NO6"	""	""	"N-acetylglucosamine"	""	""	"NCBITAXON:http://purl.bioontology.org/ontology/NCBITAXON/3711"	"Brassica rapa"	""	""	""	""	""	""	""	""	""	"2.3668"	"0.988"	"1.0695"	"0.7699"	"0.8863"	"0.8436"	"0.8619"	"1.023"	"0.8921"	"0.9494"	"1.8456"	"1.5909"	"1.4707"	"0.8103"	"0.7342"	"2.3668"	"2.1865"	"0.9163"	"1.446"	"1.5401"	"0.7803"	"0.7703"	"2.1821"	"2.5862"	"2.2259"	"2.1241"	"1.0156"	"1.0813"	"1.1897"	"1.3784"	"0.9866"	"0.9905"	"1.0507"	"1.1999"	"0.926"	"1.0037"	"1.8716"	"2.1977"	"0.8786"	"0.7503"	"0.7808"	"0.7421"	"0.8459"	"0.8229"	"2.7955"	"2.5542"	"1.1479"	"2.7955"	"3.1582"	"1.1085"	"0.9095"	"1.316"	"1.8945"	"0.9256"	"1.1479"	"0.7915"	"0.7552"	"1.316"	"1.1479"	"0.9095"	"0.8196"	"1.5004"	"1.6027"	"1.5058"	"0.9232"	"2.512"	"0.9608"	"2.3898"	"0.7195"	"0.8997"	"1.1163"	"1.0339"	"0.7464"	"0.8622"	"0.8995"	"0.8833"	"0.8698"	"0.8995"	"0.9209"	"1.0319"
"CHEBI:17148"	"C4H12N2"	"NCCCCN"	"InChI=1S/C4H12N2/c5-3-1-2-4-6/h1-6H2"	"putrescine"	""	""	"NCBITAXON:http://purl.bioontology.org/ontology/NCBITAXON/3711"	"Brassica rapa"	""	""	""	""	""	""	""	""	""	"1.3825"	"1.4667"	"1.3722"	"0.9552"	"1.0959"	"1.4193"	"0.6188"	"1.6641"	"1.15"	"1.1735"	"3.1193"	"1.3529"	"1.6905"	"2.1062"	"1.6115"	"1.3825"	"3.3545"	"0.9935"	"2.774"	"2.9852"	"1.3909"	"1.3872"	"1.8147"	"2.054"	"3.9234"	"3.8058"	"1.4366"	"2.7437"	"2.1547"	"0.8201"	"1.7345"	"1.9739"	"0.7913"	"0.9263"	"1.2358"	"0.9625"	"3.2829"	"4.4212"	"0.7168"	"1.0277"	"1.0038"	"2.3458"	"2.444"	"3.33"	"3.9766"	"3.9787"	"3.705"	"3.9766"	"3.627"	"3.5274"	"2.3522"	"3.24"	"3.377"	"2.5444"	"3.3548"	"1.6579"	"1.2871"	"3.24"	"3.3548"	"2.3522"	"2.0186"	"2.8432"	"2.637"	"2.6404"	"2.7662"	"4.5859"	"1.0793"	"5.1154"	"0.9052"	"1.7081"	"1.1923"	"1.5894"	"1.604"	"2.754"	"0.8177"	"0.864"	"2.4235"	"0.8177"	"1.499"	"0.6703"
"CHEBI:16988"	"C5H10O5"	""	""	"D-ribose"	""	""	"NCBITAXON:http://purl.bioontology.org/ontology/NCBITAXON/3711"	"Brassica rapa"	""	""	""	""	""	""	""	""	""	"25.1667"	"3.3308"	"5.7753"	"4.1403"	"4.4373"	"1.5688"	"5.5266"	"3.4359"	"5.0004"	"10.6741"	"11.422"	"19.6783"	"6.6341"	"1.7459"	"2.7819"	"25.1667"	"10.0255"	"7.0685"	"4.2411"	"4.5348"	"2.0173"	"1.2001"	"12.8355"	"14.5576"	"6.6261"	"13.4578"	"4.669"	"6.1623"	"7.2474"	"13.9911"	"5.8083"	"5.6562"	"9.4156"	"10.362"	"5.528"	"8.984"	"4.0348"	"2.9197"	"9.859"	"3.23"	"1.708"	"1.5991"	"7.3702"	"14.0302"	"19.4942"	"12.0861"	"6.1126"	"19.4942"	"19.6326"	"3.5301"	"1.3822"	"8.5983"	"7.9851"	"0.9651"	"4.2897"	"2.0683"	"1.5682"	"8.5983"	"4.2897"	"1.3822"	"1.8761"	"4.6541"	"7.2464"	"25.344"	"9.5863"	"18.2182"	"7.5092"	"9.5198"	"2.991"	"5.7338"	"7.1969"	"4.6494"	"3.011"	"13.5288"	"5.4186"	"8.4878"	"1.2752"	"5.4186"	"2.9438"	"7.8723"
"CHEBI:15741"	"C4H6O4"	"OC(=O)CCC(O)=O"	"InChI=1S/C4H6O4/c5-3(6)1-2-4(7)8/h1-2H2,(H,5,6)(H,7,8)"	"succinate"	""	""	"NCBITAXON:http://purl.bioontology.org/ontology/NCBITAXON/3711"	"Brassica rapa"	""	""	""	""	""	""	""	""	""	"1.2082"	"0.5006"	"0.551"	"0.338"	"0.3576"	"0.4683"	"0.4017"	"0.4938"	"0.3637"	"0.4689"	"1.1506"	"1.0423"	"0.711"	"0.4809"	"0.4631"	"1.2082"	"1.1777"	"0.4548"	"0.6413"	"0.6994"	"0.3791"	"0.3571"	"1.5824"	"1.7161"	"0.859"	"0.8436"	"0.4357"	"0.4623"	"0.5375"	"0.3839"	"0.7092"	"0.6341"	"1.2138"	"1.3102"	"0.4572"	"0.4822"	"0.7014"	"0.9136"	"0.3658"	"0.3683"	"0.3468"	"0.4833"	"0.6141"	"0.576"	"1.5011"	"1.7789"	"0.7551"	"1.5011"	"1.5079"	"0.7067"	"0.5711"	"1.0431"	"1.7913"	"0.7119"	"0.988"	"0.4687"	"0.4372"	"1.0431"	"0.988"	"0.5711"	"0.4408"	"0.6343"	"0.663"	"0.7157"	"0.7352"	""	"0.3988"	"1.1778"	"0.313"	"0.6167"	"1.193"	"0.4692"	"0.3484"	"0.5942"	"0.3673"	"0.5506"	"0.6292"	"0.3673"	"0.4317"	"0.4241"
